CustomerKey,VisitNumber,TicketDate,TicketTime,PriorVisits,SaleLines,ReturnLines,GiftCardLines,NetAmount,NetRetailAmount,NetQSRAmount,DiscountAmount,StationGroup,UniqueItems,UniqueCategories,ReturnedBags,BoughtProduce,WillReturn
656917,1,2015-08-06,21:40:11,0,1,0,0,24.9,24.9,0.0,0.0,Other,1,1,False,False,False
639108,2,2015-07-31,14:21:45,1,1,0,0,12.8,0.0,12.8,0.0,Other,1,1,False,False,True
890420,1,2015-11-20,13:00:18,0,1,0,0,7.66,7.66,0.0,0.0,Front End,1,1,False,False,False
496864,1,2015-09-21,14:30:48,0,11,0,0,104.5,104.5,0.0,0.0,Front End,8,3,False,False,False
742721,1,2015-11-14,14:50:17,0,1,0,0,4.5,0.0,4.5,0.0,Other,1,1,False,False,False
554269,1,2013-12-15,18:15:09,0,5,0,0,38.5,38.5,0.0,0.0,Front End,5,2,False,False,False
106239,9,2015-04-29,18:00:34,8,1,0,0,2.25,2.25,0.0,0.0,Front End,1,1,False,True,True
235480,6,2015-11-21,10:44:42,5,11,0,0,82.59,82.59,0.0,0.0,Front End,9,4,False,False,False
77347,17,2015-06-15,15:22:02,16,2,0,0,6.65,6.65,0.0,0.0,Other,2,2,False,True,True
740009,3,2015-05-01,20:52:28,2,1,0,0,4.59,0.0,4.59,0.0,Other,1,1,False,False,True
713569,28,2015-10-01,18:33:04,27,4,0,0,28.68,28.68,0.0,0.0,Front End,4,2,False,False,True
843609,10,2015-06-11,13:51:19,9,2,0,0,7.0,7.0,0.0,0.0,Other,2,1,False,False,True
2496,2,2015-06-04,22:08:36,1,1,0,0,10.8,0.0,10.8,0.0,Other,1,1,False,False,True
16631,2,2015-11-23,16:33:08,1,2,0,0,12.6,12.6,0.0,0.0,Other,2,1,False,False,True
890783,1,2015-11-24,14:21:05,0,1,0,0,16.8,16.8,0.0,0.0,Other,1,1,False,False,False
83270,3,2015-11-16,22:05:18,2,1,0,0,4.5,0.0,4.5,0.0,Other,1,1,False,False,False
393308,3,2014-04-14,16:56:47,2,3,0,0,6.46,6.46,0.0,0.0,Front End,3,1,False,False,True
570853,2,2015-09-06,12:16:07,1,6,0,0,23.51,23.51,0.0,0.0,Front End,5,3,False,True,False
769047,1,2015-08-16,16:17:03,0,1,0,0,10.8,10.8,0.0,0.0,Other,1,1,False,False,True
970793,3,2015-07-06,16:29:16,2,2,0,0,4.6,4.6,0.0,0.0,Other,2,1,False,False,True
742109,1,2014-01-30,13:04:27,0,2,0,0,41.0,0.0,41.0,0.0,Other,2,1,False,False,False
97329,1,2015-04-11,14:31:44,0,9,0,0,72.54,53.4,19.14,0.0,Front End,8,2,False,False,False
978369,1,2014-10-12,16:10:10,0,2,0,0,60.0,60.0,0.0,0.0,Front End,1,1,False,False,False
26781,2,2015-07-02,14:29:25,1,1,0,0,10.8,0.0,10.8,0.0,Other,1,1,False,False,False
742605,5,2014-07-31,14:17:52,4,2,0,0,9.0,0.0,9.0,0.0,Other,1,1,False,False,True
184149,1,2014-07-17,13:31:42,0,5,0,0,51.73,51.73,0.0,0.0,Front End,5,3,False,False,True
228482,2,2015-10-21,22:18:58,1,1,0,0,7.58,0.0,7.58,0.0,Other,1,1,False,False,True
450375,18,2015-03-08,12:40:08,17,1,0,0,10.71,10.71,0.0,0.0,Front End,1,1,False,True,True
266805,1,2014-11-23,21:16:14,0,2,0,0,9.6,0.0,9.6,0.0,Other,2,1,False,False,True
665606,1,2014-05-14,11:40:16,0,5,0,0,46.2,0.0,46.2,0.0,Other,4,1,False,False,True
458551,6,2015-04-13,20:06:02,5,3,0,0,20.4,20.4,0.0,0.0,Front End,3,2,False,False,False
488930,13,2015-01-08,18:26:15,12,1,0,0,13.59,0.0,13.59,0.0,Other,1,1,False,False,True
125201,8,2015-04-19,13:25:23,7,13,0,0,74.72,74.72,0.0,0.0,Front End,13,8,False,True,False
113718,19,2015-05-10,21:52:38,18,2,0,0,9.0,0.0,9.0,0.0,Other,2,1,False,False,True
774286,1,2013-12-05,11:33:44,0,1,0,0,29.8,29.8,0.0,0.0,Front End,1,1,False,False,True
287321,2,2015-07-31,13:20:41,1,1,0,0,14.8,0.0,14.8,0.0,Other,1,1,False,False,False
774266,6,2014-03-02,14:48:14,5,3,0,0,14.04,14.04,0.0,0.0,Front End,3,3,False,True,False
382012,3,2015-05-11,19:37:46,2,9,0,0,38.59,38.59,0.0,0.0,Front End,9,3,False,True,False
808864,1,2015-07-09,15:44:05,0,2,0,0,11.22,11.22,0.0,0.0,Front End,2,1,False,False,True
683516,1,2014-04-14,11:34:26,0,3,0,0,19.26,19.26,0.0,0.0,Front End,3,3,False,False,False
845829,1,2014-05-12,16:42:07,0,2,0,0,12.55,12.55,0.0,0.0,Front End,2,2,False,True,False
679955,5,2013-12-23,14:43:40,4,1,0,0,2.3,0.0,2.3,0.0,Other,1,1,False,False,True
234256,14,2015-11-25,10:54:26,13,3,0,0,22.44,22.44,0.0,0.0,Front End,3,1,False,True,True
665618,1,2015-10-12,11:10:04,0,18,0,0,119.1,119.1,0.0,0.0,Front End,12,8,False,True,True
343408,2,2014-10-20,20:58:00,1,7,0,0,70.85,70.85,0.0,0.0,Front End,7,6,False,True,False
612678,3,2014-05-15,14:19:54,2,5,0,0,38.45,38.45,0.0,0.0,Front End,5,5,False,False,False
490675,2,2013-12-13,12:11:12,1,7,0,0,53.23,53.23,0.0,0.0,Front End,5,4,False,True,True
69346,3,2015-03-04,12:40:21,2,5,0,0,69.94,69.94,0.0,0.0,Front End,5,2,False,True,True
408916,2,2015-06-14,16:05:52,1,8,0,0,49.44,49.44,0.0,0.0,Front End,6,2,False,False,False
277704,3,2014-09-02,18:18:17,2,1,0,0,3.8,3.8,0.0,0.0,Other,1,1,False,False,False
267316,4,2015-01-29,12:02:59,3,17,0,0,102.85,102.85,0.0,0.0,Front End,16,6,False,True,False
773800,1,2014-10-03,12:35:28,0,4,0,0,17.56,7.76,9.8,0.0,Other,4,4,False,True,False
871002,1,2015-08-25,12:32:41,0,1,0,0,33.8,33.8,0.0,0.0,Front End,1,1,False,False,False
544990,39,2014-08-14,21:56:48,38,3,0,0,13.51,13.51,0.0,0.0,Front End,3,3,False,True,True
352479,3,2015-02-08,16:48:08,2,3,0,0,13.3,13.3,0.0,0.0,Front End,3,3,False,True,False
904098,5,2015-06-05,12:33:24,4,2,0,0,16.98,2.18,14.8,0.0,Other,2,2,False,False,False
718304,1,2015-07-26,15:27:34,0,2,0,0,8.0,8.0,0.0,0.0,Other,2,1,False,True,False
524408,1,2015-02-08,17:07:30,0,1,0,0,4.5,0.0,4.5,0.0,Other,1,1,False,False,False
910102,1,2014-06-18,19:19:59,0,2,0,0,39.6,39.6,0.0,0.0,Other,2,1,False,False,False
169672,2,2014-04-22,12:52:10,1,5,0,0,42.66,42.66,0.0,0.0,Front End,4,3,False,False,False
411487,1,2015-08-15,12:23:35,0,3,0,0,16.3,3.5,12.8,0.0,Other,3,3,False,True,True
345679,43,2015-03-30,19:14:00,42,4,0,0,27.67,14.47,13.2,0.0,Front End,4,4,False,True,True
730888,1,2014-01-18,17:32:45,0,1,0,0,4.5,0.0,4.5,0.0,Other,1,1,False,False,False
542683,4,2014-01-19,13:06:01,3,9,0,0,60.83,60.83,0.0,0.0,Front End,9,6,False,True,True
976720,1,2014-04-20,15:38:40,0,1,0,0,7.8,7.8,0.0,0.0,Front End,1,1,False,False,False
678306,3,2015-06-28,19:55:46,2,2,0,0,27.6,27.6,0.0,0.0,Front End,1,1,False,False,True
59736,1,2015-07-25,13:51:50,0,2,0,0,4.58,4.58,0.0,0.0,Front End,2,1,False,False,False
707378,1,2015-11-07,16:19:07,0,1,0,0,35.0,35.0,0.0,0.0,Front End,1,1,False,False,False
320299,12,2014-04-01,18:52:04,11,3,0,0,13.82,13.82,0.0,0.0,Front End,3,3,False,True,False
714156,1,2015-09-17,20:15:44,0,1,0,0,17.6,0.0,17.6,0.0,Other,1,1,False,False,False
441079,1,2015-05-30,22:43:33,0,12,0,0,68.41,68.41,0.0,0.0,Front End,10,6,False,False,False
750932,11,2014-10-07,12:50:01,10,3,0,0,23.6,2.0,21.6,0.0,Other,3,2,False,False,True
723450,2,2015-05-20,18:09:37,1,3,0,0,22.67,22.67,0.0,0.0,Front End,3,1,False,False,True
735083,6,2014-01-31,20:15:35,5,8,0,0,46.64,46.64,0.0,0.0,Front End,8,7,False,True,True
265991,16,2015-11-03,09:14:28,15,1,0,0,4.8,4.8,0.0,0.0,Front End,1,1,False,False,True
547715,5,2014-08-14,18:37:59,4,1,0,0,8.4,8.4,0.0,0.0,Other,1,1,False,False,True
224326,1,2014-07-27,13:26:13,0,1,0,0,54.29,54.29,0.0,0.0,Other,1,1,False,False,False
15037,1,2014-09-07,21:38:12,0,1,0,0,10.74,0.0,10.74,0.0,Other,1,1,False,False,False
372049,1,2015-05-11,13:30:54,0,3,0,0,16.56,16.56,0.0,0.0,Front End,3,3,False,False,False
93474,2,2014-02-18,19:21:19,1,1,0,0,3.04,3.04,0.0,0.0,Front End,1,1,False,False,False
807447,8,2014-12-16,12:28:33,7,1,0,0,9.8,0.0,9.8,0.0,Other,1,1,False,False,True
701257,1,2015-09-05,11:06:32,0,1,0,0,1.8,1.8,0.0,0.0,Other,1,1,False,False,True
552958,12,2014-06-12,18:22:40,11,4,0,0,28.01,28.01,0.0,0.0,Front End,4,3,False,True,True
266158,1,2015-01-16,12:48:18,0,3,0,0,32.4,32.4,0.0,0.0,Front End,3,1,False,False,False
28415,1,2014-06-20,16:46:39,0,1,0,0,4.36,4.36,0.0,0.0,Other,1,1,False,False,False
917506,2,2014-10-08,19:21:42,1,2,0,0,11.8,11.8,0.0,0.0,Other,2,1,False,False,False
694901,5,2014-12-22,18:11:31,4,5,0,0,54.54,54.54,0.0,0.0,Front End,4,4,False,True,True
445849,3,2015-04-26,15:39:25,2,7,0,0,43.66,43.66,0.0,0.0,Front End,7,4,False,False,True
143958,1,2014-11-29,17:08:04,0,5,0,0,80.55,80.55,0.0,0.0,Front End,5,2,False,False,False
880143,2,2015-09-03,17:07:05,1,2,0,0,5.0,5.0,0.0,0.0,Other,2,1,False,False,True
527080,2,2015-08-08,12:17:34,1,1,0,0,5.8,5.8,0.0,0.0,Front End,1,1,False,False,True
878529,4,2014-11-12,13:41:58,3,1,0,0,4.8,0.0,4.8,0.0,Other,1,1,False,False,True
583400,4,2014-05-14,14:51:57,3,4,0,0,34.24,8.66,25.58,0.0,Other,3,2,False,True,True
801781,1,2014-05-26,15:14:32,0,2,0,0,16.83,16.83,0.0,0.0,Front End,1,1,False,False,False
566453,1,2014-11-21,17:31:40,0,1,0,0,35.0,0.0,35.0,0.0,Other,1,1,False,False,False
782467,1,2014-05-02,21:11:46,0,1,0,0,5.8,0.0,5.8,0.0,Other,1,1,False,False,False
383457,2,2014-09-10,17:34:44,1,2,0,0,8.06,8.06,0.0,0.0,Front End,2,2,False,True,False
807907,1,2014-05-25,13:58:07,0,1,0,0,3.58,0.0,3.58,0.0,Other,1,1,False,False,False
18590,1,2014-07-01,21:05:08,0,1,0,0,22.0,22.0,0.0,0.0,Front End,1,1,False,False,False
20263,1,2014-05-24,22:39:21,0,4,0,0,13.5,13.5,0.0,0.0,Front End,3,1,False,True,False
680170,2,2015-01-13,18:52:05,1,4,0,0,12.56,12.56,0.0,0.0,Front End,4,2,False,True,False
226529,1,2015-09-13,17:18:03,0,5,0,0,43.97,43.97,0.0,0.0,Front End,5,3,False,False,False
9126,1,2014-08-08,14:03:32,0,1,0,0,3.8,0.0,3.8,0.0,Other,1,1,False,False,False
9676,1,2014-09-19,22:55:48,0,2,0,0,19.6,19.6,0.0,0.0,Front End,2,1,False,False,False
594244,7,2015-12-03,13:33:59,6,8,0,0,85.34,85.34,0.0,0.0,Front End,7,5,False,True,True
490086,300,2014-09-13,10:37:26,299,2,0,0,5.2,5.2,0.0,0.0,Front End,2,1,False,False,True
106215,11,2014-03-21,19:04:31,10,3,0,0,37.69,37.69,0.0,0.0,Front End,3,3,False,True,True
412223,1,2015-05-21,20:09:10,0,2,0,0,6.2,6.2,0.0,0.0,Other,2,1,False,False,False
412478,9,2014-10-13,18:51:52,8,3,0,0,70.53,70.53,0.0,0.0,Front End,3,3,False,False,True
421441,2,2014-03-09,15:35:22,1,4,0,0,16.3,16.3,0.0,0.0,Front End,3,2,False,True,True
808217,8,2014-12-28,17:17:33,7,3,0,0,17.52,4.85,12.67,0.0,Front End,3,3,False,True,True
935610,4,2014-05-26,14:31:42,3,4,0,0,26.86,26.86,0.0,0.0,Front End,4,1,False,True,False
161759,1,2015-08-12,14:39:36,0,1,0,0,1.94,1.94,0.0,0.0,Front End,1,1,False,True,False
791223,2,2015-05-09,19:23:04,1,4,0,0,44.03,44.03,0.0,0.0,Front End,4,3,False,False,False
44971,1,2015-11-21,15:11:17,0,2,0,0,13.3,2.5,10.8,0.0,Other,2,2,False,False,False
809076,3,2015-03-08,14:10:59,2,3,0,0,26.82,26.82,0.0,0.0,Front End,3,3,False,False,False
696779,1,2014-07-25,20:13:31,0,4,0,0,26.08,26.08,0.0,0.0,Front End,4,2,False,False,False
192904,1,2015-06-01,18:11:52,0,1,0,0,14.8,0.0,14.8,0.0,Other,1,1,False,False,True
261959,4,2015-08-30,13:35:15,3,4,1,0,36.79,36.84,0.0,0.0,Front End,5,3,True,False,True
867364,1,2014-03-25,17:40:17,0,2,0,0,7.3,7.3,0.0,0.0,Front End,2,2,False,True,False
256672,6,2015-01-13,13:42:36,5,14,0,0,78.27,78.27,0.0,0.0,Front End,13,8,False,True,True
969314,1,2015-08-02,17:30:47,0,1,0,0,4.12,0.0,4.12,0.0,Other,1,1,False,False,True
144695,4,2014-10-14,13:12:47,3,1,0,0,11.8,0.0,11.8,0.0,Other,1,1,False,False,False
47587,1,2014-03-11,19:11:07,0,5,0,0,29.25,29.25,0.0,0.0,Front End,5,5,False,True,False
78848,8,2015-04-13,17:28:50,7,5,0,0,7.14,7.14,0.0,0.0,Front End,5,1,False,True,False
928768,1,2014-12-15,17:44:45,0,16,0,0,92.63,92.63,0.0,0.0,Front End,16,7,False,True,False
549231,4,2015-03-19,20:07:46,3,2,0,0,21.83,9.03,12.8,0.0,Other,2,2,False,False,False
162452,2,2014-05-17,14:21:36,1,1,0,0,14.8,0.0,14.8,0.0,Other,1,1,False,False,True
456586,1,2015-09-27,19:39:05,0,2,0,0,45.6,45.6,0.0,0.0,Front End,1,1,False,False,False
880946,1,2015-06-13,18:02:33,0,3,0,0,18.55,18.55,0.0,0.0,Front End,3,1,False,False,True
851584,1,2015-02-20,13:58:05,0,1,0,0,22.8,22.8,0.0,0.0,Front End,1,1,False,False,False
487601,9,2014-05-13,12:18:16,8,2,0,0,10.72,10.72,0.0,0.0,Front End,2,2,False,True,True
687185,1,2013-12-22,18:00:49,0,2,0,0,22.6,22.6,0.0,0.0,Front End,2,2,False,False,False
809225,1,2014-05-17,20:36:17,0,4,0,0,18.2,0.0,18.2,0.0,Other,4,1,False,False,False
47659,1,2015-01-02,12:39:32,0,3,1,0,29.19,29.24,0.0,0.0,Front End,3,3,True,False,True
577538,9,2014-02-06,16:46:54,8,1,0,0,6.5,6.5,0.0,0.0,Front End,1,1,False,True,True
357113,1,2015-02-26,18:32:00,0,1,0,0,8.8,8.8,0.0,0.0,Other,1,1,False,False,False
884418,5,2015-05-18,20:35:37,4,2,0,0,5.6,5.6,0.0,0.0,Other,2,1,False,False,True
958454,1,2014-10-25,22:00:05,0,3,0,0,23.2,0.0,23.2,0.0,Other,3,1,False,False,False
333469,2,2014-07-26,21:00:06,1,1,0,0,12.8,0.0,12.8,0.0,Other,1,1,False,False,False
591399,4,2015-04-21,16:34:20,3,2,0,0,9.92,0.0,9.92,0.0,Other,2,1,False,False,True
27741,2,2014-03-17,15:01:36,1,2,0,0,26.4,26.4,0.0,0.0,Other,2,1,False,False,False
68767,1,2014-06-18,12:38:46,0,2,0,0,9.0,0.0,9.0,0.0,Other,2,1,False,False,False
27157,2,2015-03-06,13:23:05,1,1,0,0,3.8,3.8,0.0,0.0,Other,1,1,False,False,False
78999,2,2015-09-29,15:50:17,1,1,0,0,22.0,22.0,0.0,0.0,Front End,1,1,False,False,True
68856,1,2014-04-21,16:28:06,0,6,0,0,77.08,77.08,0.0,0.0,Front End,6,2,False,False,False
71360,15,2014-04-10,20:24:51,14,1,0,0,8.75,0.0,8.75,0.0,Front End,1,1,False,False,True
980037,1,2014-06-18,15:23:50,0,1,0,0,2.48,2.48,0.0,0.0,Other,1,1,False,False,True
300863,35,2015-07-31,14:29:37,34,1,0,0,3.9,0.0,3.9,0.0,Other,1,1,False,False,True
976226,1,2014-11-09,15:52:46,0,2,0,0,8.35,8.35,0.0,0.0,Front End,2,1,False,True,False
328889,13,2014-03-13,13:25:45,12,2,0,0,3.79,3.79,0.0,0.0,Front End,2,1,False,True,True
464811,2,2014-09-06,15:17:10,1,6,0,0,24.52,9.58,14.94,0.0,Front End,6,4,False,True,False
718886,2,2015-04-03,16:42:09,1,9,0,0,96.0,96.0,0.0,0.0,Front End,9,3,False,False,False
310732,12,2014-06-19,18:03:42,11,8,0,0,65.38,65.38,0.0,0.0,Front End,4,4,False,False,True
105868,1,2015-07-17,13:10:34,0,2,0,0,92.8,92.8,0.0,0.0,Front End,2,1,False,False,True
746241,2,2014-12-15,10:09:56,1,2,0,0,17.55,17.55,0.0,0.0,Front End,2,1,False,False,False
171854,1,2015-04-09,12:44:46,0,1,0,0,10.8,0.0,10.8,0.0,Other,1,1,False,False,False
242153,2,2015-08-29,19:37:57,1,1,0,0,5.42,0.0,5.42,0.0,Other,1,1,False,False,False
689203,1,2013-12-13,17:23:37,0,3,0,0,10.25,10.25,0.0,0.0,Other,3,1,False,True,False
738125,3,2014-03-24,14:03:47,2,2,0,0,5.6,5.6,0.0,0.0,Other,2,1,False,False,False
242293,3,2015-03-06,13:32:39,2,4,0,0,31.71,31.71,0.0,0.0,Front End,4,4,False,True,True
645898,14,2015-06-01,17:21:11,13,2,0,0,63.93,0.0,63.93,0.0,Front End,2,1,False,False,True
115763,1,2014-11-03,15:53:51,0,3,0,0,17.69,17.69,0.0,0.0,Other,3,2,False,False,True
810631,2,2014-09-07,18:41:39,1,3,0,0,4.44,4.44,0.0,0.0,Front End,1,1,False,False,False
444145,1,2014-12-08,12:18:49,0,3,0,0,41.25,41.25,0.0,0.0,Front End,3,1,False,False,True
590611,2,2014-05-06,18:06:21,1,14,0,0,123.97,123.97,0.0,0.0,Front End,14,8,False,True,True
885560,2,2014-01-21,14:12:16,1,2,0,0,15.6,4.8,10.8,0.0,Other,2,2,False,False,True
840527,1,2015-07-31,20:06:29,0,2,0,0,11.6,0.0,11.6,0.0,Other,2,1,False,False,True
699495,3,2015-11-28,15:48:06,2,2,0,0,39.6,39.6,0.0,0.0,Front End,2,1,False,False,False
277463,1,2015-11-22,18:14:51,0,2,0,0,4.62,4.62,0.0,0.0,Front End,2,1,False,True,False
818944,4,2015-03-06,13:45:03,3,1,0,0,5.8,0.0,5.8,0.0,Other,1,1,False,False,True
206000,1,2014-10-07,12:59:57,0,1,0,0,10.8,0.0,10.8,0.0,Other,1,1,False,False,True
625982,4,2015-02-26,12:05:51,3,1,0,0,12.8,0.0,12.8,0.0,Other,1,1,False,False,False
7599,1,2014-12-06,16:14:58,0,2,0,0,11.8,0.0,11.8,0.0,Other,2,1,False,False,True
162872,9,2014-03-14,17:48:34,8,5,0,0,16.05,16.05,0.0,0.0,Front End,5,4,False,True,True
823313,1,2015-11-11,15:35:36,0,2,0,0,13.28,2.48,10.8,0.0,Other,2,2,False,False,False
98276,4,2015-05-20,12:40:53,3,1,0,0,29.6,0.0,29.6,0.0,Other,1,1,False,False,False
639875,40,2014-11-17,19:09:35,39,5,0,0,20.94,20.94,0.0,0.0,Front End,4,2,False,True,True
85091,1,2015-03-29,22:58:05,0,4,0,0,22.23,22.23,0.0,0.0,Front End,4,2,False,False,False
394016,1,2015-02-10,19:33:15,0,2,0,0,19.8,12.8,7.0,0.0,Front End,2,2,False,False,True
482959,1,2014-09-17,12:55:18,0,2,0,0,30.4,0.0,30.4,0.0,Other,2,1,False,False,True
375055,1,2013-12-20,12:41:00,0,5,0,0,29.35,29.35,0.0,0.0,Front End,5,3,False,True,False
89348,1,2014-05-31,16:29:17,0,7,0,0,30.61,30.61,0.0,0.0,Front End,6,5,False,True,False
251855,1,2015-03-10,14:52:01,0,19,0,0,88.03,88.03,0.0,0.0,Front End,18,5,False,True,False
907131,1,2014-09-10,15:58:22,0,4,0,0,20.66,14.51,6.15,0.0,Front End,4,4,False,True,True
798296,1,2015-06-09,14:47:23,0,4,0,0,29.58,29.58,0.0,0.0,Front End,3,2,False,False,False
128918,18,2014-03-18,19:44:50,17,4,0,0,6.42,6.42,0.0,1.6,Front End,4,3,False,True,True
539587,4,2014-10-25,16:24:53,3,8,0,0,59.52,59.52,0.0,0.0,Front End,8,7,False,True,True
99591,1,2014-07-27,19:44:02,0,11,0,0,78.43,78.43,0.0,0.0,Front End,11,8,False,True,False
310065,7,2014-11-21,20:10:01,6,2,0,0,16.68,16.68,0.0,0.0,Front End,2,2,False,False,True
628387,1,2014-04-02,21:48:02,0,4,0,0,23.2,23.2,0.0,0.0,Front End,4,2,False,False,False
584580,1,2014-04-30,08:31:27,0,1,0,0,9.6,9.6,0.0,0.0,Other,1,1,False,False,False
873627,4,2015-09-09,12:25:00,3,1,0,0,14.8,0.0,14.8,0.0,Other,1,1,False,False,True
625687,7,2014-07-02,19:22:55,6,15,0,0,72.0,72.0,0.0,0.0,Front End,15,5,False,True,True
208310,1,2015-05-09,21:23:14,0,1,0,0,3.6,3.6,0.0,0.0,Other,1,1,False,False,False
86410,1,2015-05-06,17:08:36,0,1,0,0,9.0,0.0,9.0,0.0,Other,1,1,False,False,False
212758,3,2015-09-23,17:57:43,2,1,0,0,4.5,0.0,4.5,0.0,Other,1,1,False,False,True
110740,2,2014-01-31,20:23:35,1,3,0,0,25.82,25.82,0.0,0.0,Front End,3,2,False,False,False
393284,1,2014-04-12,17:57:47,0,5,0,0,58.09,58.09,0.0,0.0,Front End,5,4,False,True,False
864469,2,2015-12-03,10:57:03,1,1,0,0,2.53,0.0,2.53,0.0,Other,1,1,False,False,False
880698,1,2014-03-07,13:55:36,0,2,0,0,13.3,0.0,13.3,0.0,Other,2,1,False,False,False
378042,18,2014-03-24,13:51:48,17,2,0,0,5.3,5.3,0.0,0.0,Other,2,2,False,True,True
181568,2,2015-06-26,13:50:56,1,1,0,0,10.8,0.0,10.8,0.0,Other,1,1,False,False,True
814885,12,2015-06-11,20:38:10,11,2,0,0,10.55,10.55,0.0,0.0,Front End,2,2,False,True,True
665980,1,2015-05-22,18:31:05,0,1,0,0,9.0,0.0,9.0,0.0,Other,1,1,False,False,False
154807,1,2014-02-11,17:15:15,0,1,0,0,18.23,18.23,0.0,0.0,Front End,1,1,False,False,False
115698,26,2015-03-23,14:52:07,25,1,0,0,5.8,5.8,0.0,0.0,Front End,1,1,False,False,True
565899,3,2015-08-13,21:01:54,2,1,0,0,4.5,0.0,4.5,0.0,Other,1,1,False,False,False
746773,4,2015-02-24,16:03:09,3,6,0,0,19.54,19.54,0.0,0.0,Front End,5,3,False,True,True
434315,1,2015-01-05,19:41:28,0,1,0,0,20.4,20.4,0.0,0.0,Other,1,1,False,False,False
484533,1,2014-05-11,13:25:09,0,2,0,0,9.0,0.0,9.0,0.0,Other,2,1,False,False,False
180706,1,2014-03-16,14:47:35,0,3,0,0,23.4,12.8,10.6,0.0,Other,3,2,False,False,False
937802,8,2015-07-22,12:49:50,7,1,0,0,3.8,3.8,0.0,0.0,Other,1,1,False,False,True
235143,2,2014-07-27,20:35:24,1,1,0,0,5.42,0.0,5.42,0.0,Other,1,1,False,False,True
36887,1,2015-06-24,22:51:50,0,3,0,0,14.4,14.4,0.0,0.0,Other,2,1,False,False,True
91197,17,2014-06-18,12:40:28,16,2,0,0,11.98,2.18,9.8,0.0,Other,2,2,False,False,True
125762,10,2014-03-09,14:52:20,9,2,0,0,12.45,12.45,0.0,0.0,Front End,2,2,False,True,True
248343,8,2015-09-07,20:11:53,7,7,0,0,71.82,71.82,0.0,0.0,Front End,7,7,False,True,True
434766,2,2015-04-02,22:47:21,1,4,0,0,40.86,40.86,0.0,0.0,Front End,4,4,False,True,True
942894,74,2013-12-05,17:57:19,73,4,0,0,43.5,43.5,0.0,0.0,Front End,4,2,False,True,True
20939,24,2014-01-11,16:21:36,23,4,0,0,20.74,20.74,0.0,5.18,Front End,4,4,False,True,True
377169,9,2015-07-05,20:54:29,8,21,0,0,55.38,55.38,0.0,0.0,Front End,19,4,False,True,True
448691,3,2014-07-07,13:46:48,2,1,0,0,2.8,2.8,0.0,0.0,Other,1,1,False,False,True
502033,1,2014-01-24,13:22:35,0,10,0,0,107.86,107.86,0.0,0.0,Front End,10,6,False,True,True
115227,1,2015-03-15,11:07:39,0,6,0,0,45.01,45.01,0.0,0.0,Front End,6,4,False,True,False
977549,1,2014-12-31,14:05:11,0,2,0,0,18.45,18.45,0.0,0.0,Front End,1,1,False,False,False
359261,6,2015-08-02,14:33:57,5,10,1,0,39.88,39.93,0.0,0.0,Front End,11,4,True,True,True
464494,8,2015-08-02,14:59:08,7,17,0,0,59.66,59.66,0.0,0.0,Front End,17,6,False,True,False
379662,1,2014-06-22,10:19:47,0,3,0,0,26.75,18.43,8.32,0.0,Front End,3,2,False,False,False
130665,6,2014-06-26,12:37:33,5,1,0,0,65.8,65.8,0.0,0.0,Front End,1,1,False,False,True
542259,1,2015-09-18,21:06:22,0,3,0,0,9.0,9.0,0.0,0.0,Other,2,1,False,False,False
269341,7,2015-04-05,18:03:46,6,5,0,0,41.04,30.09,10.95,0.0,Front End,5,5,False,False,True
534200,1,2014-04-03,14:41:44,0,1,0,0,6.8,6.8,0.0,0.0,Other,1,1,False,False,False
458059,3,2015-03-10,18:23:11,2,3,0,0,20.43,20.43,0.0,0.0,Front End,3,2,False,True,True
472900,1,2015-06-06,14:00:36,0,1,0,0,2.8,2.8,0.0,0.0,Other,1,1,False,False,False
213405,2,2015-06-19,13:31:48,1,2,0,0,12.6,12.6,0.0,0.0,Front End,2,2,False,False,False
289853,1,2015-11-14,16:32:58,0,1,0,0,11.8,11.8,0.0,0.0,Front End,1,1,False,False,False
431850,1,2014-07-06,19:13:03,0,12,0,0,47.0,47.0,0.0,0.0,Front End,12,5,False,True,True
730763,1,2015-06-01,13:26:20,0,8,0,0,53.26,47.46,5.8,0.0,Front End,8,6,False,True,False
367069,1,2015-09-17,22:03:34,0,1,0,0,4.5,0.0,4.5,0.0,Other,1,1,False,False,False
321497,94,2014-12-01,20:27:37,93,1,0,0,3.04,3.04,0.0,0.76,Other,1,1,False,False,True
196401,3,2014-12-20,13:22:43,2,2,0,0,33.6,33.6,0.0,0.0,Front End,1,1,False,False,True
859085,47,2015-10-12,20:23:39,46,3,1,0,17.03,17.08,0.0,0.0,Front End,3,2,True,False,True
543707,42,2014-02-16,16:33:52,41,13,0,0,47.82,47.82,0.0,11.95,Front End,13,4,False,True,True
93452,3,2014-05-24,12:29:54,2,7,0,0,51.65,51.65,0.0,0.0,Front End,7,3,False,True,True
629566,137,2014-11-24,16:35:34,136,1,0,0,1.48,1.48,0.0,0.0,Other,1,1,False,False,True
680720,3,2014-12-23,19:23:31,2,2,0,0,40.96,0.0,40.96,0.0,Other,2,1,False,False,False
596260,3,2014-09-13,14:56:44,2,11,0,0,39.59,39.59,0.0,0.0,Front End,11,3,False,True,True
917110,7,2015-06-05,14:08:38,6,4,0,0,38.59,38.59,0.0,0.0,Front End,3,3,False,False,False
940786,2,2014-03-16,15:34:07,1,1,0,0,2.76,0.0,2.76,0.0,Other,1,1,False,False,False
176942,2,2015-01-14,17:49:26,1,3,0,0,16.71,16.71,0.0,0.0,Front End,3,2,False,False,False
318788,2,2015-10-23,21:53:32,1,1,0,0,15.8,15.8,0.0,0.0,Other,1,1,False,False,False
241799,10,2014-05-28,18:55:00,9,9,0,0,30.1,30.1,0.0,0.0,Front End,9,6,False,True,True
926532,1,2014-08-27,14:14:48,0,1,0,0,5.8,0.0,5.8,0.0,Other,1,1,False,False,False
821928,1,2014-10-10,16:25:32,0,3,0,0,28.78,2.18,26.6,0.0,Other,3,2,False,False,True
460752,2,2015-10-19,19:42:48,1,6,0,0,42.54,42.54,0.0,0.0,Front End,6,4,False,False,True
729432,1,2015-04-16,12:35:41,0,3,0,0,18.67,18.67,0.0,0.0,Front End,2,2,False,False,True
977474,1,2014-06-12,19:22:24,0,4,0,0,17.46,17.46,0.0,0.0,Front End,4,4,False,True,False
2962,1,2015-01-31,13:21:43,0,2,0,0,230.45,230.45,0.0,0.0,Front End,2,1,False,False,False
950314,8,2014-02-04,17:10:17,7,1,0,0,16.4,16.4,0.0,0.0,Front End,1,1,False,False,True
897810,1,2015-09-18,15:27:11,0,4,0,0,40.11,40.11,0.0,0.0,Front End,4,2,False,False,False
729860,6,2015-01-31,18:59:02,5,4,0,0,48.9,48.9,0.0,0.0,Front End,4,3,False,False,True
357364,1,2014-02-27,12:39:53,0,2,0,0,33.96,4.36,29.6,0.0,Other,2,2,False,False,True
479346,1,2015-04-12,14:37:26,0,14,0,0,71.82,71.82,0.0,0.0,Front End,13,8,False,True,False
599003,1,2014-06-25,12:15:38,0,1,0,0,10.8,0.0,10.8,0.0,Other,1,1,False,False,True
252855,2,2015-08-28,16:34:00,1,1,0,0,14.8,14.8,0.0,0.0,Front End,1,1,False,False,False
714305,12,2015-07-16,18:41:35,11,1,0,0,13.59,0.0,13.59,0.0,Other,1,1,False,False,True
476468,1,2015-07-07,19:28:41,0,9,0,0,55.69,55.69,0.0,0.0,Front End,9,5,False,True,True
636323,4,2015-03-30,18:46:00,3,4,0,0,61.42,61.42,0.0,0.0,Front End,4,3,False,False,False
961193,1,2014-12-21,13:32:13,0,2,0,0,9.6,0.0,9.6,0.0,Other,2,1,False,False,False
137417,2,2014-05-25,13:25:19,1,1,0,0,2.18,2.18,0.0,0.0,Front End,1,1,False,False,False
130129,6,2015-04-12,19:35:17,5,3,0,0,10.2,0.0,10.2,0.0,Other,3,1,False,False,True
879594,1,2014-03-16,13:20:45,0,3,0,0,15.46,15.46,0.0,0.0,Front End,2,2,False,False,False
269754,1,2015-02-21,21:12:36,0,1,0,0,15.6,15.6,0.0,0.0,Other,1,1,False,False,False
314278,1,2015-08-15,12:43:14,0,3,0,0,68.35,68.35,0.0,0.0,Front End,3,2,False,True,False
889434,1,2014-10-23,17:49:03,0,9,0,0,75.04,75.04,0.0,0.0,Front End,8,3,False,False,False
620770,1,2014-03-23,21:30:59,0,2,0,0,10.84,0.0,10.84,0.0,Other,1,1,False,False,True
927838,16,2014-12-12,18:19:36,15,3,1,0,10.35,10.4,0.0,0.0,Front End,4,3,False,True,True
482764,4,2015-05-28,13:31:35,3,1,0,0,25.6,0.0,25.6,0.0,Other,1,1,False,False,False
381346,1,2015-01-29,11:39:45,0,1,0,0,11.8,0.0,11.8,0.0,Other,1,1,False,False,False
327061,22,2015-02-20,17:53:16,21,1,0,0,2.3,0.0,2.3,0.0,Other,1,1,False,False,True
94315,3,2014-01-20,18:32:21,2,4,0,0,16.09,16.09,0.0,0.0,Front End,4,3,False,False,False
914479,2,2014-02-10,18:14:40,1,3,0,0,22.04,22.04,0.0,0.0,Front End,3,3,False,True,True
908749,2,2015-03-23,17:05:45,1,1,0,0,11.04,11.04,0.0,2.76,Other,1,1,False,False,True
558429,1,2015-08-08,20:26:40,0,4,0,0,43.2,43.2,0.0,0.0,Front End,4,1,False,False,False
67700,2,2014-05-25,12:33:29,1,1,0,0,23.0,0.0,23.0,0.0,Other,1,1,False,False,True
315551,4,2015-02-14,20:24:41,3,2,0,0,31.6,31.6,0.0,0.0,Front End,2,2,False,False,False
892925,1,2014-11-29,17:43:54,0,7,0,0,53.4,53.4,0.0,0.0,Front End,3,2,False,True,False
446765,1,2014-03-23,17:26:03,0,1,0,0,2.18,2.18,0.0,0.0,Front End,1,1,False,False,False
409003,1,2014-08-11,17:10:40,0,4,0,0,25.16,9.12,16.04,0.0,Front End,3,3,False,False,True
320488,1,2014-02-06,21:29:53,0,8,0,0,63.75,54.15,9.6,0.0,Other,8,3,False,False,False
641012,1,2014-05-24,18:35:07,0,23,0,0,260.4,260.4,0.0,0.0,Front End,23,4,False,False,False
95515,3,2015-11-21,12:51:09,2,1,0,0,9.25,9.25,0.0,0.0,Front End,1,1,False,True,True
494610,1,2014-12-08,19:39:13,0,3,0,0,16.78,16.78,0.0,0.0,Other,3,3,False,False,False
311025,21,2014-10-10,15:57:47,20,1,0,0,75.15,75.15,0.0,0.0,Front End,1,1,False,False,True
25664,1,2014-01-10,13:44:45,0,6,0,0,55.9,55.9,0.0,0.0,Front End,6,5,False,False,False
363895,1,2015-06-12,12:35:20,0,2,0,0,12.8,0.0,12.8,0.0,Other,2,1,False,False,False
675479,10,2014-02-11,10:38:43,9,14,0,0,54.41,54.41,0.0,0.0,Front End,13,8,False,True,True
9965,5,2014-10-28,11:27:10,4,2,0,0,12.8,2.0,10.8,0.0,Other,2,2,False,False,False
239463,1,2015-01-12,16:32:38,0,3,0,0,23.63,23.63,0.0,0.0,Front End,3,3,False,False,False
71454,15,2015-02-04,15:17:52,14,9,0,0,65.18,65.18,0.0,0.0,Front End,9,6,False,True,False
219675,5,2015-03-10,21:52:33,4,2,0,0,17.6,17.6,0.0,0.0,Front End,1,1,False,False,True
515244,7,2014-08-05,12:23:48,6,1,0,0,11.8,0.0,11.8,0.0,Other,1,1,False,False,True
116916,33,2015-11-05,18:59:13,32,11,0,0,87.62,87.62,0.0,0.0,Front End,10,6,False,True,True
29818,2,2014-08-28,15:04:43,1,3,1,0,18.6,18.6,0.0,0.0,Front End,4,2,False,False,False
95659,1,2014-08-16,19:00:42,0,1,0,0,4.66,4.66,0.0,0.0,Front End,1,1,False,False,False
518440,1,2015-10-09,20:26:02,0,1,0,0,15.2,15.2,0.0,0.0,Front End,1,1,False,False,False
644861,1,2015-03-27,14:00:22,0,7,0,0,32.8,32.8,0.0,0.0,Other,3,1,False,False,True
409620,1,2014-12-06,12:31:27,0,2,0,0,6.2,6.2,0.0,0.0,Other,2,1,False,False,False
136576,7,2014-02-05,12:48:22,6,4,0,0,36.15,36.15,0.0,0.0,Front End,3,3,False,True,True
106882,6,2014-06-11,16:54:50,5,15,0,0,54.76,54.76,0.0,0.0,Front End,15,5,False,True,True
606272,20,2015-11-07,11:32:55,19,1,0,0,3.52,3.52,0.0,0.88,Other,1,1,False,False,True
88020,1,2014-08-11,22:18:26,0,1,0,0,4.5,0.0,4.5,0.0,Other,1,1,False,False,True
576123,6,2015-04-05,11:30:04,5,1,0,0,2.75,2.75,0.0,0.0,Front End,1,1,False,True,False
270895,1,2014-10-20,11:25:46,0,2,0,0,13.6,13.6,0.0,0.0,Other,2,1,False,False,False
216168,3,2014-03-27,13:51:44,2,6,0,0,102.24,102.24,0.0,0.0,Front End,5,2,False,False,False
744003,3,2015-01-21,17:56:15,2,2,0,0,5.51,0.0,5.51,0.0,Other,2,1,False,False,False
941162,1,2015-05-12,21:20:27,0,2,0,0,9.6,9.6,0.0,0.0,Other,2,1,False,False,False
131700,3,2014-06-30,12:52:13,2,4,0,0,25.85,25.85,0.0,0.0,Front End,4,3,False,False,True
164696,1,2014-04-06,21:03:38,0,3,0,0,30.4,24.6,5.8,0.0,Other,3,3,False,False,False
347578,1,2015-11-27,10:17:49,0,1,0,0,3.8,3.8,0.0,0.0,Other,1,1,False,False,False
529300,1,2015-11-18,22:05:45,0,1,0,0,5.42,0.0,5.42,0.0,Other,1,1,False,False,False
844856,3,2015-09-13,16:00:31,2,7,0,0,55.25,55.25,0.0,0.0,Front End,7,3,False,True,True
748355,5,2015-11-20,19:20:25,4,2,0,0,22.78,22.78,0.0,0.0,Other,2,2,False,False,True
784385,2,2014-06-14,15:51:12,1,2,0,0,5.06,0.0,5.06,0.0,Other,2,1,False,False,False
119631,7,2015-04-02,18:13:00,6,5,1,0,41.88,41.93,0.0,0.0,Front End,6,4,True,True,True
42091,1,2015-06-25,15:28:34,0,2,0,0,11.6,0.0,11.6,0.0,Other,2,1,False,False,False
656417,2,2013-12-11,13:35:06,1,4,0,0,39.0,39.0,0.0,0.0,Front End,4,1,False,False,False
640170,8,2014-04-08,17:32:53,7,6,0,0,51.89,51.89,0.0,0.0,Front End,6,4,False,True,True
321559,2,2015-01-05,19:52:03,1,15,0,0,118.52,118.52,0.0,0.0,Front End,15,8,False,True,False
561612,1,2014-08-09,18:56:11,0,2,0,0,8.2,8.2,0.0,0.0,Front End,2,2,False,False,False
268787,2,2015-09-28,13:16:43,1,1,0,0,9.6,0.0,9.6,0.0,Other,1,1,False,False,True
398708,1,2015-03-09,12:44:20,0,1,0,0,12.8,0.0,12.8,0.0,Other,1,1,False,False,True
238837,1,2015-11-03,16:08:37,0,2,0,0,29.6,29.6,0.0,0.0,Front End,2,1,False,False,False
368780,28,2014-08-13,19:25:59,27,4,0,0,4.41,4.41,0.0,0.0,Front End,4,1,False,True,True
10598,18,2014-01-13,18:32:51,17,9,0,0,32.48,32.48,0.0,0.0,Front End,9,3,False,True,True
308290,1,2015-10-16,21:09:45,0,1,0,0,12.8,0.0,12.8,0.0,Other,1,1,False,False,True
720504,1,2015-09-18,13:50:59,0,1,0,0,12.8,0.0,12.8,0.0,Other,1,1,False,False,False
878877,15,2014-09-19,12:35:48,14,1,0,0,46.9,46.9,0.0,0.0,Front End,1,1,False,False,True
465022,3,2015-09-01,19:04:21,2,1,0,0,2.53,0.0,2.53,0.0,Other,1,1,False,False,False
768588,4,2015-07-08,18:43:45,3,8,0,0,42.49,42.49,0.0,0.0,Front End,8,4,False,True,False
204880,7,2013-12-22,22:16:01,6,1,0,0,3.67,0.0,3.67,0.0,Other,1,1,False,False,True
17394,1,2014-05-11,20:45:06,0,4,0,0,20.99,20.99,0.0,0.0,Front End,4,2,False,False,False
147422,1,2014-12-21,10:12:50,0,1,0,0,27.6,27.6,0.0,0.0,Front End,1,1,False,False,False
356073,5,2015-01-20,20:05:41,4,2,0,0,37.19,37.19,0.0,0.0,Front End,2,1,False,False,False
510030,1,2015-03-31,13:45:06,0,1,0,0,14.8,0.0,14.8,0.0,Other,1,1,False,False,True
431638,2,2014-11-11,18:15:08,1,3,0,0,64.47,18.8,45.67,0.0,Other,3,3,False,False,False
500329,1,2014-08-02,20:28:40,0,2,0,0,17.2,0.0,17.2,0.0,Other,2,1,False,False,False
208945,1,2014-03-01,15:56:42,0,2,0,0,10.15,6.95,3.2,0.0,Other,2,2,False,False,True
25295,1,2014-05-27,14:48:54,0,1,0,0,14.99,0.0,14.99,0.0,Other,1,1,False,False,True
590052,1,2015-10-17,11:34:43,0,3,0,0,65.4,65.4,0.0,0.0,Front End,3,3,False,False,False
500199,1,2014-06-02,21:47:17,0,3,0,0,16.35,8.8,7.55,0.0,Other,3,3,False,False,False
514555,1,2014-12-12,22:02:37,0,2,0,0,14.73,0.0,14.73,0.0,Other,2,2,False,False,False
470532,1,2015-01-11,19:37:33,0,2,0,0,12.3,12.3,0.0,0.0,Front End,2,2,False,True,True
231247,1,2013-12-23,09:33:35,0,4,0,0,84.2,84.2,0.0,0.0,Other,4,1,False,False,False
475658,2,2015-07-23,13:37:46,1,1,0,0,4.88,4.88,0.0,0.0,Front End,1,1,False,False,True
899207,1,2013-12-18,14:49:17,0,2,0,0,59.2,59.2,0.0,0.0,Front End,2,2,False,False,False
933672,9,2015-09-14,20:11:38,8,2,0,0,3.6,3.6,0.0,0.0,Other,1,1,False,False,True
640128,1,2014-08-24,13:35:45,0,1,0,0,5.8,0.0,5.8,0.0,Other,1,1,False,False,False
290210,1,2014-12-27,15:53:59,0,9,0,0,47.85,47.85,0.0,0.0,Front End,9,6,False,True,False
459446,1,2015-03-21,15:37:47,0,5,0,0,52.38,52.38,0.0,0.0,Front End,4,4,False,True,True
5583,1,2014-04-05,15:41:20,0,1,0,0,3.8,3.8,0.0,0.0,Other,1,1,False,False,False
75088,1,2014-07-20,19:02:47,0,2,0,0,14.17,14.17,0.0,0.0,Front End,2,2,False,False,False
515319,1,2014-03-10,16:45:30,0,10,0,0,62.07,62.07,0.0,0.0,Front End,10,6,False,False,False
625835,1,2014-06-01,20:01:30,0,2,0,0,9.6,3.8,5.8,0.0,Other,2,2,False,False,False
680429,2,2015-09-17,17:41:42,1,1,0,0,5.42,0.0,5.42,0.0,Other,1,1,False,False,False
732666,8,2014-10-20,11:40:17,7,5,0,0,32.01,32.01,0.0,0.0,Front End,5,4,False,False,True
954036,2,2014-06-03,20:18:19,1,1,0,0,4.5,0.0,4.5,0.0,Other,1,1,False,False,False
237520,1,2015-04-10,15:08:05,0,5,0,0,30.11,30.11,0.0,0.0,Front End,5,4,False,True,True
323573,10,2015-09-19,17:39:22,9,8,0,0,41.8,41.8,0.0,0.0,Front End,4,3,False,True,True
31619,1,2015-08-23,15:44:57,0,8,0,0,61.05,61.05,0.0,0.0,Front End,7,4,False,True,False
802705,1,2015-06-10,11:15:51,0,1,0,0,4.8,4.8,0.0,0.0,Other,1,1,False,False,False
339535,30,2014-10-26,22:15:53,29,1,0,0,0.46,0.0,0.46,0.0,Other,1,1,False,False,True
542312,2,2015-08-03,15:47:12,1,1,0,0,4.5,0.0,4.5,0.0,Other,1,1,False,False,False
56935,1,2015-09-12,15:44:16,0,2,0,0,28.8,0.0,28.8,0.0,Other,2,1,False,False,False
52608,8,2015-11-28,17:24:36,7,1,0,0,3.6,0.0,3.6,0.9,Other,1,1,False,False,True
471780,1,2015-08-02,17:51:37,0,2,0,0,16.6,16.6,0.0,0.0,Other,2,1,False,False,False
261486,2,2015-10-18,17:31:57,1,3,0,0,12.25,12.25,0.0,0.0,Other,3,2,False,True,False
725963,20,2014-12-31,15:12:08,19,1,0,0,2.3,0.0,2.3,0.0,Other,1,1,False,False,True
232146,3,2014-03-19,14:30:42,2,7,0,0,39.69,39.69,0.0,0.0,Front End,7,4,False,True,True
527238,2,2015-07-04,12:05:54,1,2,0,0,49.23,0.0,49.23,0.0,Other,2,1,False,False,True
675379,1,2015-10-21,16:07:02,0,2,0,0,9.92,0.0,9.92,0.0,Other,2,1,False,False,False
867551,3,2014-02-24,14:23:45,2,1,0,0,2.5,2.5,0.0,0.0,Other,1,1,False,True,False
809151,2,2014-02-17,20:00:18,1,1,0,0,9.0,0.0,9.0,0.0,Other,1,1,False,False,False
34464,1,2014-11-21,16:48:16,0,3,0,0,8.68,8.68,0.0,0.0,Front End,3,2,False,False,False
317722,5,2014-01-29,11:25:10,4,22,0,0,217.02,211.53,5.49,0.0,Front End,18,9,False,True,False
477216,7,2014-04-21,19:41:49,6,1,0,0,18.0,0.0,18.0,0.0,Other,1,1,False,False,True
812796,1,2014-08-08,20:21:32,0,2,0,0,12.6,0.0,12.6,0.0,Other,2,1,False,False,False
916447,3,2014-08-10,14:43:21,2,5,0,0,20.38,20.38,0.0,0.0,Front End,5,2,False,False,False
773783,21,2015-01-21,15:30:04,20,1,0,0,3.8,3.8,0.0,0.0,Other,1,1,False,False,True
918808,1,2014-04-27,10:54:56,0,1,0,0,15.8,15.8,0.0,0.0,Other,1,1,False,False,False
742142,1,2014-03-31,14:48:20,0,1,0,0,30.08,30.08,0.0,0.0,Front End,1,1,False,False,False
486577,30,2014-08-04,18:40:17,29,4,0,0,12.35,12.35,0.0,0.0,Front End,4,3,False,True,True
408670,2,2015-02-28,18:51:16,1,20,0,0,125.29,125.29,0.0,0.0,Front End,18,6,False,True,True
386163,6,2015-08-21,15:59:57,5,1,0,0,10.8,0.0,10.8,0.0,Other,1,1,False,False,True
591106,2,2014-08-14,14:38:56,1,2,0,0,8.55,8.55,0.0,0.0,Other,2,2,False,True,True
114615,1,2015-04-13,19:25:58,0,1,0,0,5.42,0.0,5.42,0.0,Other,1,1,False,False,False
216563,4,2013-12-19,20:04:53,3,4,0,0,36.82,36.82,0.0,0.0,Front End,3,3,False,True,True
918535,1,2014-01-01,16:44:10,0,2,0,0,14.98,14.98,0.0,0.0,Other,2,2,False,False,False
549503,1,2015-03-12,18:10:12,0,3,0,0,23.26,23.26,0.0,0.0,Other,3,2,False,False,False
823325,5,2015-03-26,12:29:51,4,1,0,0,9.8,0.0,9.8,0.0,Other,1,1,False,False,True
145367,4,2015-01-28,19:24:28,3,6,0,0,26.66,26.66,0.0,0.0,Front End,6,5,False,True,False
687349,14,2014-03-10,20:08:12,13,4,0,0,26.51,26.51,0.0,0.0,Other,4,3,False,True,True
67523,1,2014-10-29,19:39:05,0,1,0,0,7.6,7.6,0.0,0.0,Other,1,1,False,False,True
183181,1,2015-04-22,15:23:04,0,1,0,0,5.8,0.0,5.8,0.0,Other,1,1,False,False,False
246537,1,2015-02-13,12:19:24,0,3,0,0,15.5,15.5,0.0,0.0,Front End,3,3,False,False,False
123162,3,2014-08-16,19:36:46,2,2,0,0,15.6,15.6,0.0,0.0,Front End,2,2,False,False,True
727663,17,2014-12-01,12:45:38,16,1,0,0,27.02,0.0,27.02,0.0,Other,1,1,False,False,False
4895,5,2015-01-19,14:14:00,4,7,0,0,65.53,65.53,0.0,0.0,Front End,6,4,False,True,True
285245,1,2014-02-05,22:32:34,0,1,0,0,13.59,0.0,13.59,0.0,Other,1,1,False,False,True
575293,1,2015-06-07,16:35:46,0,2,0,0,10.79,0.0,10.79,0.0,Other,2,1,False,False,False
905153,1,2014-05-16,13:56:02,0,2,0,0,7.2,7.2,0.0,0.0,Other,2,1,False,False,False
178655,2,2014-04-06,11:33:58,1,1,0,0,3.58,0.0,3.58,0.0,Other,1,1,False,False,True
102622,2,2014-03-07,13:15:31,1,5,0,0,23.2,23.2,0.0,0.0,Front End,3,1,False,False,True
549649,3,2014-09-05,19:40:48,2,1,0,0,18.0,0.0,18.0,0.0,Other,1,1,False,False,True
103387,33,2015-05-01,17:50:09,32,4,0,0,57.22,57.22,0.0,0.0,Front End,4,4,False,True,False
836768,1,2015-10-20,14:40:30,0,1,0,0,9.8,0.0,9.8,0.0,Other,1,1,False,False,True
640433,1,2015-09-03,11:20:00,0,10,0,0,71.41,71.41,0.0,0.0,Front End,10,5,False,True,True
430054,1,2015-03-11,17:03:56,0,1,0,0,4.75,4.75,0.0,0.0,Other,1,1,False,True,False
381189,1,2014-01-16,14:04:10,0,1,0,0,5.8,0.0,5.8,0.0,Other,1,1,False,False,False
876759,2,2015-01-13,19:07:30,1,3,0,0,43.78,43.78,0.0,0.0,Front End,3,3,False,True,True
827711,1,2015-04-19,17:34:53,0,9,0,0,30.54,30.54,0.0,0.0,Front End,9,4,False,True,False
402945,9,2014-06-20,12:44:16,8,1,0,0,12.73,12.73,0.0,0.0,Front End,1,1,False,False,True
243467,1,2015-11-10,12:00:48,0,4,0,0,59.3,59.3,0.0,0.0,Front End,3,2,False,True,True
474635,1,2014-01-23,18:34:35,0,1,0,0,9.8,9.8,0.0,0.0,Other,1,1,False,False,True
570158,1,2014-07-29,15:36:10,0,3,0,0,38.4,0.0,38.4,0.0,Other,1,1,False,False,True
756132,44,2015-09-24,12:54:00,43,4,0,0,31.67,31.67,0.0,0.0,Front End,4,3,False,True,True
652105,4,2015-02-28,11:10:55,3,1,0,0,3.4,3.4,0.0,0.0,Other,1,1,False,False,True
157235,12,2014-06-19,12:09:19,11,2,0,0,30.1,30.1,0.0,0.0,Front End,1,1,False,False,True
576291,1,2015-10-31,22:36:16,0,7,0,0,29.17,29.17,0.0,0.0,Front End,7,3,False,True,False
702850,1,2014-02-17,19:36:07,0,2,0,0,3.5,3.5,0.0,0.0,Front End,2,2,False,True,False
271209,6,2015-08-12,19:20:27,5,1,0,0,8.0,8.0,0.0,0.0,Front End,1,1,False,True,True
272836,1,2015-03-12,14:09:12,0,6,0,0,23.8,23.8,0.0,0.0,Front End,6,4,False,False,False
83548,1,2015-05-27,22:24:55,0,1,0,0,5.8,0.0,5.8,0.0,Other,1,1,False,False,False
728809,2,2015-05-19,17:23:50,1,7,0,0,76.33,70.53,5.8,0.0,Front End,7,6,False,False,False
34574,1,2015-05-17,15:06:44,0,2,0,0,36.73,36.73,0.0,0.0,Front End,2,2,False,False,False
778766,3,2015-08-28,16:29:34,2,1,0,0,9.0,0.0,9.0,0.0,Other,1,1,False,False,True
596096,1,2014-05-15,11:16:52,0,1,0,0,23.2,0.0,23.2,0.0,Other,1,1,False,False,False
970422,1,2015-02-27,19:11:44,0,16,0,0,145.27,145.27,0.0,0.0,Front End,12,4,False,True,False
658925,1,2015-04-08,12:01:20,0,2,0,0,44.0,44.0,0.0,0.0,Front End,2,2,False,False,False
354803,1,2014-03-19,17:19:09,0,19,0,0,186.96,186.96,0.0,0.0,Front End,18,8,False,True,False
894321,1,2014-01-09,19:33:38,0,4,0,0,19.22,19.22,0.0,0.0,Front End,3,3,False,False,False
772807,1,2014-11-28,19:48:33,0,2,0,0,9.6,9.6,0.0,0.0,Front End,2,2,False,False,False
967758,2,2014-11-07,14:15:06,1,2,0,0,15.65,4.85,10.8,0.0,Other,2,2,False,True,False
109480,1,2015-08-11,14:34:14,0,1,0,0,4.5,0.0,4.5,0.0,Other,1,1,False,False,False
523420,2,2014-01-10,12:24:38,1,4,0,0,22.71,22.71,0.0,0.0,Front End,4,3,False,True,False
561490,1,2013-12-28,13:14:19,0,2,0,0,9.0,0.0,9.0,0.0,Other,1,1,False,False,False
516065,1,2015-03-11,20:05:05,0,1,0,0,4.5,0.0,4.5,0.0,Other,1,1,False,False,False
12168,1,2014-09-03,19:52:15,0,3,0,0,14.2,14.2,0.0,0.0,Front End,3,1,False,False,False
110928,2,2015-03-12,16:51:46,1,9,0,0,55.37,55.37,0.0,0.0,Front End,7,4,False,True,True
554068,62,2014-10-01,14:02:52,61,1,0,0,4.52,4.52,0.0,0.0,Front End,1,1,False,False,True
306616,1,2015-04-05,19:52:16,0,6,0,0,46.0,46.0,0.0,0.0,Front End,5,1,False,False,False
583801,1,2015-09-26,18:29:36,0,2,0,0,14.6,14.6,0.0,0.0,Front End,2,1,False,False,False
922404,3,2013-12-08,10:56:13,2,40,0,0,512.67,492.27,20.4,0.0,Front End,32,10,False,True,True
51843,1,2014-09-20,19:12:51,0,4,0,0,19.72,19.72,0.0,0.0,Front End,4,4,False,True,False
420458,8,2015-02-01,12:35:01,7,1,0,0,16.0,0.0,16.0,0.0,Other,1,1,False,False,True
779505,1,2014-10-08,19:12:26,0,1,0,0,5.8,0.0,5.8,0.0,Other,1,1,False,False,False
238774,5,2014-02-14,19:17:08,4,10,0,0,59.71,59.71,0.0,0.0,Front End,10,8,False,True,True
433176,2,2014-08-09,11:47:47,1,1,0,0,11.8,0.0,11.8,0.0,Other,1,1,False,False,True
542830,1,2014-09-07,18:12:37,0,2,0,0,9.6,3.8,5.8,0.0,Other,2,2,False,False,False
257565,16,2015-12-03,18:34:25,15,6,0,0,64.36,64.36,0.0,0.0,Front End,6,4,False,True,False
794364,1,2015-07-11,18:08:04,0,13,0,0,65.5,65.5,0.0,0.0,Front End,13,6,False,True,True
508244,7,2015-07-29,17:25:09,6,1,0,0,9.8,0.0,9.8,0.0,Other,1,1,False,False,True
6021,5,2015-10-19,17:55:38,4,4,0,0,56.76,56.76,0.0,0.0,Front End,2,2,False,False,False
579034,2,2015-01-07,13:02:15,1,2,0,0,1.5,1.5,0.0,0.0,Front End,1,1,False,False,False
535373,4,2015-07-08,13:14:36,3,1,0,0,3.4,3.4,0.0,0.0,Other,1,1,False,False,False
924394,1,2015-08-21,20:35:50,0,2,0,0,5.97,0.0,5.97,0.0,Other,2,1,False,False,False
120661,20,2014-08-06,10:23:30,19,1,0,0,3.21,0.0,3.21,0.0,Other,1,1,False,False,True
687664,3,2014-09-02,17:51:30,2,2,0,0,10.28,10.28,0.0,0.0,Front End,2,2,False,True,True
91650,2,2014-09-14,19:38:15,1,11,1,0,40.96,28.1,12.96,0.0,Front End,12,4,False,True,False
175397,1,2014-12-31,20:17:49,0,3,0,0,23.2,0.0,23.2,0.0,Other,3,1,False,False,True
848422,17,2015-01-26,13:42:04,16,1,0,0,2.85,0.0,2.85,0.0,Other,1,1,False,False,True
426758,1,2014-06-06,17:48:18,0,1,0,0,9.0,0.0,9.0,0.0,Other,1,1,False,False,False
183301,26,2014-06-26,20:03:44,25,1,0,0,2.24,2.24,0.0,0.56,Other,1,1,False,False,True
471997,1,2015-02-28,12:47:00,0,2,0,0,14.27,14.27,0.0,0.0,Front End,2,2,False,False,False
5054,1,2015-09-25,13:37:23,0,3,0,0,13.51,8.81,4.7,0.0,Other,3,3,False,False,False
415547,1,2015-08-29,13:24:42,0,1,0,0,35.0,35.0,0.0,0.0,Front End,1,1,False,False,False
768229,1,2015-07-05,14:11:31,0,7,0,0,37.12,37.12,0.0,0.0,Front End,7,4,False,True,True
938775,1,2015-09-21,11:20:13,0,1,0,0,83.6,83.6,0.0,0.0,Front End,1,1,False,False,False
37755,1,2014-08-10,19:21:55,0,3,0,0,10.81,10.81,0.0,0.0,Front End,3,2,False,True,False
133406,7,2015-03-11,15:08:45,6,4,0,0,14.05,14.05,0.0,0.0,Front End,4,3,False,True,True
202628,3,2015-03-21,20:16:03,2,2,0,0,5.6,5.6,0.0,0.0,Other,2,1,False,False,True
907912,1,2015-03-06,15:09:28,0,2,0,0,15.0,15.0,0.0,0.0,Other,2,2,False,False,False
180480,1,2015-03-30,14:13:42,0,1,0,0,14.8,14.8,0.0,0.0,Other,1,1,False,False,False
857489,2,2014-01-25,11:01:19,1,2,0,0,14.45,14.45,0.0,0.0,Front End,2,2,False,False,True
226644,1,2015-11-27,20:13:16,0,1,0,0,6.8,6.8,0.0,0.0,Other,1,1,False,False,False
88442,8,2015-04-30,13:50:36,7,1,0,0,8.8,0.0,8.8,0.0,Other,1,1,False,False,True
104076,6,2014-01-18,14:47:19,5,4,0,0,23.2,0.0,23.2,0.0,Other,2,1,False,False,False
866233,7,2015-10-10,13:40:32,6,13,0,0,41.21,41.21,0.0,0.0,Front End,13,4,False,True,True
213043,1,2015-09-20,14:44:17,0,2,0,0,7.3,7.3,0.0,0.0,Front End,2,1,False,False,False
807183,3,2014-10-18,17:31:49,2,7,0,0,66.23,66.23,0.0,0.0,Front End,7,5,False,False,True
863655,1,2014-10-28,10:48:46,0,1,0,0,11.6,11.6,0.0,0.0,Front End,1,1,False,False,True
28202,1,2015-10-17,16:39:34,0,3,0,0,35.81,35.81,0.0,0.0,Front End,3,2,False,True,True
75135,1,2014-06-29,15:39:22,0,1,0,0,10.84,0.0,10.84,0.0,Other,1,1,False,False,False
834663,1,2015-10-05,13:56:57,0,5,0,0,34.32,34.32,0.0,0.0,Front End,5,4,False,False,False
450832,1,2014-02-22,20:03:02,0,5,0,0,21.4,21.4,0.0,0.0,Front End,5,5,False,True,True
967756,6,2013-12-19,22:04:27,5,2,0,0,17.05,17.05,0.0,0.0,Front End,2,2,False,False,False
675852,1,2014-05-27,15:38:04,0,1,0,0,4.5,0.0,4.5,0.0,Other,1,1,False,False,False
305054,12,2015-05-31,11:34:39,11,1,0,0,3.4,3.4,0.0,0.0,Other,1,1,False,False,True
318805,1,2014-10-19,14:50:06,0,4,0,0,22.98,22.98,0.0,0.0,Front End,4,4,False,False,True
457208,1,2015-06-08,12:44:46,0,1,0,0,4.85,4.85,0.0,0.0,Other,1,1,False,True,False
275008,1,2014-03-08,18:35:13,0,2,0,0,11.92,11.92,0.0,0.0,Front End,2,1,False,False,False
127723,1,2014-09-29,21:07:00,0,1,0,0,6.8,0.0,6.8,0.0,Other,1,1,False,False,True
467928,16,2015-01-04,20:08:18,15,13,0,0,95.36,95.36,0.0,0.0,Front End,13,6,False,True,True
12348,10,2014-01-04,17:53:58,9,4,0,0,31.06,31.06,0.0,0.0,Front End,4,3,False,True,True
477811,3,2015-06-10,19:02:07,2,5,0,0,11.34,11.34,0.0,0.0,Front End,5,3,False,True,True
360115,1,2014-12-13,15:10:43,0,7,1,0,112.95,113.0,0.0,0.0,Front End,8,3,False,False,False
583734,2,2014-07-04,13:38:02,1,1,0,0,2.98,2.98,0.0,0.0,Other,1,1,False,False,False
864993,2,2015-11-03,10:10:21,1,3,0,0,14.63,14.63,0.0,0.0,Front End,3,3,False,False,False
502105,6,2015-03-31,13:08:12,5,2,0,0,12.6,12.6,0.0,0.0,Other,2,1,False,False,True
74333,1,2015-10-07,17:08:55,0,1,0,0,23.0,0.0,23.0,0.0,Other,1,1,False,False,False
898600,1,2015-10-07,19:15:10,0,2,0,0,33.5,33.5,0.0,0.0,Front End,2,2,False,True,True
452229,1,2014-07-27,11:00:00,0,5,0,0,24.75,24.75,0.0,0.0,Front End,5,4,False,True,False
483644,1,2014-03-24,14:12:20,0,4,0,0,22.58,22.58,0.0,0.0,Front End,4,3,False,False,True
43053,1,2014-03-03,16:09:09,0,1,0,0,10.8,10.8,0.0,0.0,Front End,1,1,False,False,False
719856,1,2015-02-13,17:03:05,0,1,0,0,3.67,0.0,3.67,0.0,Other,1,1,False,False,False
62374,1,2014-08-25,13:13:56,0,1,0,0,3.8,3.8,0.0,0.0,Other,1,1,False,False,True
81894,1,2015-08-04,22:43:25,0,1,0,0,4.5,0.0,4.5,0.0,Other,1,1,False,False,True
952393,1,2014-08-30,11:15:39,0,2,0,0,6.0,6.0,0.0,0.0,Front End,1,1,False,False,False
456320,2,2015-09-26,17:58:10,1,3,1,0,41.35,41.4,0.0,0.0,Front End,4,2,True,False,False
694589,1,2014-07-06,13:18:01,0,1,0,0,4.5,0.0,4.5,0.0,Other,1,1,False,False,True
180690,1,2014-03-01,17:42:33,0,13,0,0,52.79,52.79,0.0,0.0,Front End,13,5,False,False,False
650022,54,2014-04-20,17:48:04,53,4,0,0,52.62,52.62,0.0,0.0,Front End,4,3,False,True,True
400613,1,2014-04-24,19:27:52,0,2,0,0,11.6,0.0,11.6,0.0,Other,2,1,False,False,False
413702,2,2013-12-12,17:46:41,1,2,0,0,4.6,4.6,0.0,0.0,Other,2,1,False,False,True
590930,2,2015-06-22,22:56:01,1,1,0,0,5.8,0.0,5.8,0.0,Other,1,1,False,False,True
280429,13,2014-06-14,15:20:24,12,12,0,0,74.09,74.09,0.0,0.0,Front End,12,4,False,True,True
765526,5,2015-08-27,17:45:31,4,4,0,0,16.27,16.27,0.0,0.0,Front End,4,4,False,True,True
50228,7,2015-05-20,22:46:57,6,2,0,0,13.6,13.6,0.0,0.0,Front End,2,1,False,False,False
719012,1,2015-05-05,15:31:19,0,2,0,0,9.6,0.0,9.6,0.0,Other,2,1,False,False,True
85453,3,2015-10-30,12:39:59,2,1,0,0,2.5,2.5,0.0,0.0,Other,1,1,False,True,True
334511,1,2015-05-11,20:33:20,0,2,0,0,8.08,0.0,8.08,0.0,Other,2,1,False,False,False
241740,4,2013-12-17,16:31:33,3,2,0,0,6.6,6.6,0.0,0.0,Other,2,1,False,False,True
922221,2,2014-02-09,15:49:47,1,1,0,0,3.8,3.8,0.0,0.0,Front End,1,1,False,False,False
59333,1,2015-06-29,19:10:33,0,2,0,0,23.42,0.0,23.42,0.0,Other,2,1,False,False,False
295097,1,2015-10-06,22:09:49,0,2,0,0,2.8,2.8,0.0,0.0,Other,2,1,False,False,False
865432,1,2014-04-13,13:50:15,0,5,0,0,27.0,9.6,17.4,0.0,Other,5,2,False,False,False
89113,5,2015-07-26,17:08:00,4,1,0,0,10.8,0.0,10.8,0.0,Other,1,1,False,False,True
368123,1,2015-05-29,21:13:24,0,4,0,0,20.11,20.11,0.0,0.0,Front End,4,4,False,True,False
821038,9,2015-04-22,14:01:31,8,1,0,0,14.8,0.0,14.8,0.0,Other,1,1,False,False,True
504705,1,2014-06-01,10:35:19,0,4,0,0,25.25,25.25,0.0,0.0,Front End,4,1,False,True,False
315578,1,2015-05-15,11:52:48,0,4,0,0,94.8,94.8,0.0,0.0,Front End,3,1,False,False,False
659171,3,2015-09-05,22:11:46,2,34,0,0,190.36,190.36,0.0,0.0,Front End,31,11,False,True,True
488938,7,2014-09-13,14:25:49,6,6,0,0,34.39,34.39,0.0,0.0,Front End,6,4,False,False,True
710641,1,2015-07-15,16:05:02,0,9,0,0,23.95,23.95,0.0,0.0,Other,9,2,False,True,False
320384,2,2015-03-03,16:09:29,1,11,0,0,51.17,51.17,0.0,0.0,Front End,11,6,False,True,False
607616,1,2014-06-10,15:48:11,0,2,0,0,9.0,0.0,9.0,0.0,Other,1,1,False,False,False
864742,7,2015-02-23,14:30:36,6,1,0,0,5.6,5.6,0.0,0.0,Other,1,1,False,False,False
34633,1,2015-10-21,21:24:56,0,2,0,0,9.92,0.0,9.92,0.0,Other,2,1,False,False,False
763110,2,2014-11-24,21:24:42,1,1,0,0,9.0,0.0,9.0,0.0,Other,1,1,False,False,False
310187,1,2015-09-28,17:28:26,0,1,0,0,5.42,0.0,5.42,0.0,Other,1,1,False,False,False
193495,3,2015-10-04,11:00:30,2,1,0,0,3.0,3.0,0.0,0.0,Front End,1,1,False,False,False
480201,2,2015-02-11,14:27:15,1,17,0,0,114.93,111.13,3.8,0.0,Front End,11,8,False,True,False
813290,3,2015-06-20,16:56:51,2,8,0,0,63.79,63.79,0.0,0.0,Front End,4,4,False,True,True
819585,25,2015-09-25,20:10:27,24,1,0,0,7.22,7.22,0.0,0.0,Other,1,1,False,False,True
82724,1,2015-03-09,13:16:37,0,2,0,0,10.55,1.75,8.8,0.0,Other,2,2,False,True,False
504629,2,2014-12-12,12:44:53,1,1,0,0,10.8,0.0,10.8,0.0,Other,1,1,False,False,False
437864,66,2014-10-27,15:47:23,65,8,0,0,58.87,58.87,0.0,0.0,Front End,8,6,False,True,True
404155,3,2014-11-25,18:13:30,2,11,0,0,145.7,145.7,0.0,0.0,Front End,11,6,False,True,False
311930,1,2015-04-24,20:02:01,0,1,0,0,2.18,2.18,0.0,0.0,Other,1,1,False,False,True
971864,1,2014-03-23,11:19:07,0,1,0,0,4.8,4.8,0.0,0.0,Front End,1,1,False,False,False
531665,1,2015-01-28,17:57:19,0,2,0,0,11.0,11.0,0.0,0.0,Other,2,1,False,False,False
2426,2,2015-08-05,20:10:40,1,2,0,0,9.92,0.0,9.92,0.0,Other,2,1,False,False,True
899315,1,2014-05-14,11:46:23,0,7,0,0,41.6,41.6,0.0,0.0,Front End,7,3,False,False,False
165097,2,2014-12-05,10:10:21,1,4,1,0,28.98,23.01,6.02,0.0,Front End,5,5,False,False,False
283664,1,2015-11-06,17:18:56,0,1,0,0,4.5,0.0,4.5,0.0,Other,1,1,False,False,False
299789,3,2013-12-19,20:57:27,2,2,0,0,12.6,12.6,0.0,0.0,Front End,2,2,False,False,True
440510,2,2015-02-07,21:30:15,1,1,0,0,7.8,0.0,7.8,0.0,Other,1,1,False,False,True
887932,1,2015-07-16,13:49:03,0,2,0,0,28.58,2.98,25.6,0.0,Other,2,2,False,False,False
672288,16,2014-05-31,19:01:04,15,6,0,0,26.83,16.36,10.47,0.0,Front End,6,3,False,True,True
508288,2,2014-08-05,17:46:30,1,1,0,0,11.0,11.0,0.0,0.0,Front End,1,1,False,True,True
927272,1,2014-02-15,13:35:58,0,6,0,0,39.88,39.88,0.0,0.0,Front End,6,4,False,True,False
581711,2,2015-04-19,12:16:13,1,4,0,0,19.34,6.54,12.8,0.0,Other,4,2,False,False,True
412118,2,2015-05-19,22:44:25,1,1,0,0,12.08,12.08,0.0,0.0,Other,1,1,False,False,False
222126,6,2014-03-06,17:50:33,5,8,0,0,60.2,60.2,0.0,0.0,Front End,8,6,False,False,True
791636,4,2014-02-27,14:10:49,3,3,0,0,20.2,20.2,0.0,0.0,Front End,3,3,False,True,True
628999,6,2015-03-23,18:16:41,5,19,0,0,93.28,93.28,0.0,0.0,Front End,15,9,False,True,True
438922,2,2015-02-20,11:18:56,1,1,0,0,10.8,0.0,10.8,0.0,Other,1,1,False,False,True
740753,1,2014-04-01,20:32:17,0,1,0,0,2.8,2.8,0.0,0.0,Other,1,1,False,False,False
192882,5,2014-08-03,18:32:08,4,6,0,0,48.1,40.8,7.3,0.0,Front End,6,5,False,True,True
722651,2,2014-03-02,15:22:50,1,2,0,0,16.63,16.63,0.0,0.0,Front End,2,1,False,False,True
858866,2,2015-09-20,16:11:26,1,1,0,0,11.8,11.8,0.0,0.0,Front End,1,1,False,False,False
193868,1,2015-01-31,15:43:20,0,1,0,0,9.8,0.0,9.8,0.0,Other,1,1,False,False,False
711785,1,2014-12-15,19:42:06,0,2,0,0,11.6,0.0,11.6,0.0,Other,2,1,False,False,False
623435,2,2015-08-22,19:49:04,1,1,0,0,5.42,0.0,5.42,0.0,Other,1,1,False,False,True
187723,3,2015-06-25,14:28:17,2,4,0,0,14.3,2.0,12.3,0.0,Other,4,2,False,False,False
597096,6,2014-11-20,12:12:53,5,2,0,0,12.1,6.3,5.8,0.0,Other,2,2,False,False,False
641372,10,2014-12-15,19:03:05,9,2,0,0,6.0,6.0,0.0,0.0,Front End,2,1,False,True,True
225520,4,2015-06-04,21:56:34,3,1,0,0,27.18,0.0,27.18,0.0,Other,1,1,False,False,True
680781,3,2015-01-18,20:30:32,2,4,0,0,51.21,51.21,0.0,0.0,Front End,3,1,False,True,False
878915,1,2014-12-20,18:09:30,0,1,0,0,9.8,9.8,0.0,0.0,Other,1,1,False,False,False
622121,1,2014-01-11,14:01:48,0,1,0,0,11.8,0.0,11.8,0.0,Other,1,1,False,False,True
171772,2,2015-10-17,22:45:56,1,1,0,0,15.8,15.8,0.0,0.0,Other,1,1,False,False,False
401615,161,2014-08-16,21:48:55,160,0,1,0,-14.6,-14.6,0.0,0.0,Other,1,1,False,False,True
94098,2,2014-10-09,14:45:32,1,2,0,0,28.75,28.75,0.0,0.0,Front End,2,2,False,False,False
300215,1,2014-11-21,23:04:26,0,6,0,0,45.07,18.4,26.67,0.0,Front End,4,2,False,False,False
94873,9,2015-03-10,14:30:56,8,13,0,0,107.99,107.99,0.0,0.0,Front End,11,6,False,True,True
729600,4,2015-11-21,11:21:13,3,18,0,0,169.99,169.99,0.0,0.0,Front End,16,8,False,True,False
633200,1,2014-05-01,13:42:24,0,1,0,0,10.8,0.0,10.8,0.0,Other,1,1,False,False,False
348960,1,2013-12-21,20:58:15,0,5,0,0,64.95,59.15,5.8,0.0,Other,5,2,False,False,False
615804,1,2014-05-29,16:41:55,0,3,0,0,36.38,36.38,0.0,0.0,Other,3,2,False,False,False
776066,3,2014-06-18,15:48:40,2,2,0,0,24.79,24.79,0.0,0.0,Front End,2,2,False,False,False
108570,10,2015-05-19,18:38:12,9,1,0,0,12.46,12.46,0.0,0.0,Front End,1,1,False,False,True
2648,4,2014-05-30,16:02:32,3,1,0,0,7.35,0.0,7.35,0.0,Other,1,1,False,False,True
637981,1,2014-01-14,21:10:49,0,1,0,0,5.42,0.0,5.42,0.0,Other,1,1,False,False,False
204724,5,2015-06-20,11:37:50,4,11,0,0,80.41,80.41,0.0,0.0,Front End,11,3,False,True,False
160587,4,2015-03-17,16:39:29,3,1,0,0,2.0,2.0,0.0,0.5,Other,1,1,False,True,True
711258,1,2014-02-26,16:49:18,0,1,0,0,12.95,12.95,0.0,0.0,Front End,1,1,False,False,False
460997,2,2014-11-23,13:47:51,1,2,0,0,7.4,7.4,0.0,0.0,Other,2,1,False,False,True
359272,8,2015-07-09,16:59:49,7,2,0,0,54.12,54.12,0.0,0.0,Front End,2,1,False,False,True
67973,1,2015-05-18,17:33:32,0,1,0,0,1.36,1.36,0.0,0.0,Front End,1,1,False,True,False
918778,1,2015-04-02,18:41:04,0,8,0,0,62.58,62.58,0.0,0.0,Front End,8,7,False,False,False
124555,1,2014-10-10,19:37:39,0,4,0,0,9.43,3.46,5.97,0.0,Other,4,2,False,False,False
920962,2,2015-11-05,18:24:56,1,4,0,0,19.8,19.8,0.0,0.0,Other,3,1,False,False,False
847265,1,2014-02-27,19:12:01,0,1,0,0,1.8,1.8,0.0,0.0,Other,1,1,False,False,True
648101,1,2014-05-31,12:19:35,0,1,0,0,14.4,0.0,14.4,0.0,Other,1,1,False,False,True
92736,9,2015-03-28,17:36:18,8,1,0,0,24.8,24.8,0.0,0.0,Other,1,1,False,False,True
440906,1,2014-05-20,19:51:08,0,1,0,0,5.8,0.0,5.8,0.0,Other,1,1,False,False,False
208052,1,2015-05-16,20:42:14,0,1,0,0,5.42,0.0,5.42,0.0,Other,1,1,False,False,False
906115,9,2015-12-03,12:20:47,8,1,0,0,9.8,0.0,9.8,0.0,Other,1,1,False,False,True
63296,1,2015-06-06,19:58:22,0,2,0,0,15.6,15.6,0.0,0.0,Other,2,2,False,False,True
329568,1,2014-06-21,13:22:18,0,2,0,0,9.0,0.0,9.0,0.0,Other,1,1,False,False,False
646392,1,2015-10-30,16:30:07,0,1,0,0,1.8,1.8,0.0,0.0,Other,1,1,False,False,True
886708,6,2015-01-05,12:38:03,5,2,0,0,13.85,13.85,0.0,0.0,Front End,2,1,False,False,True
121853,1,2014-10-11,12:42:15,0,3,0,0,90.6,90.6,0.0,0.0,Front End,3,2,False,True,False
344766,1,2014-03-10,14:21:00,0,1,0,0,165.2,165.2,0.0,0.0,Other,1,1,False,False,False
380413,2,2015-04-06,14:24:56,1,2,0,0,22.6,0.0,22.6,0.0,Other,2,1,False,False,False
59301,1,2014-06-19,19:13:06,0,1,0,0,16.8,16.8,0.0,0.0,Front End,1,1,False,True,True
412629,1,2014-10-05,17:12:12,0,1,0,0,25.78,25.78,0.0,0.0,Front End,1,1,False,False,False
772024,2,2015-07-06,12:36:10,1,2,0,0,7.6,7.6,0.0,0.0,Other,1,1,False,False,True
752477,12,2015-08-28,12:54:55,11,1,0,0,10.8,0.0,10.8,0.0,Other,1,1,False,False,True
241499,11,2014-09-05,16:02:40,10,5,0,0,53.68,46.98,6.7,0.0,Front End,5,4,False,True,True
925014,1,2014-01-19,15:12:23,0,2,0,0,12.96,12.96,0.0,0.0,Front End,2,2,False,False,False
88643,2,2014-06-29,13:09:02,1,21,0,0,223.61,223.61,0.0,0.0,Front End,20,7,False,False,False
172015,1,2015-03-31,21:27:00,0,3,0,0,64.4,64.4,0.0,0.0,Front End,3,1,False,False,False
432847,1,2015-03-09,13:00:33,0,3,0,0,32.8,32.8,0.0,0.0,Front End,3,2,False,False,False
718048,2,2014-04-09,14:17:47,1,2,0,0,10.8,1.0,9.8,0.0,Other,2,2,False,False,True
440606,1,2014-05-10,20:08:30,0,4,0,0,11.66,11.66,0.0,0.0,Front End,1,1,False,False,False
102392,1,2014-12-26,19:30:35,0,4,0,0,14.05,14.05,0.0,0.0,Front End,4,3,False,True,True
191986,1,2015-10-18,14:25:56,0,2,0,0,59.99,59.99,0.0,0.0,Front End,2,1,False,False,False
932314,1,2015-01-02,15:58:01,0,5,0,0,57.85,57.85,0.0,0.0,Front End,5,4,False,False,False
282960,1,2014-12-04,18:22:18,0,3,0,0,30.3,30.3,0.0,0.0,Front End,2,1,False,False,False
471005,2,2014-08-18,18:49:58,1,7,0,0,45.34,45.34,0.0,0.0,Front End,7,5,False,True,False
247041,1,2015-06-02,16:54:17,0,1,0,0,3.4,3.4,0.0,0.0,Other,1,1,False,False,True
19892,1,2015-03-02,15:34:20,0,1,0,0,4.5,0.0,4.5,0.0,Other,1,1,False,False,False
469247,22,2015-11-05,09:36:45,21,1,0,0,1.44,1.44,0.0,0.36,Front End,1,1,False,False,True
278377,1,2013-12-09,18:23:36,0,1,0,0,1.8,1.8,0.0,0.0,Other,1,1,False,False,True
235184,1,2013-12-05,21:55:09,0,4,0,0,41.39,41.39,0.0,0.0,Front End,4,2,False,False,True
762750,4,2014-07-28,17:27:28,3,5,0,0,18.0,18.0,0.0,0.0,Front End,3,1,False,False,False
655198,1,2015-07-23,16:45:51,0,3,0,0,11.46,0.0,11.46,0.0,Other,2,2,False,False,False
54328,1,2015-09-24,16:41:54,0,2,0,0,10.6,10.6,0.0,0.0,Other,2,2,False,False,False
642780,3,2015-04-22,19:25:56,2,1,0,0,3.8,3.8,0.0,0.0,Other,1,1,False,False,True
78960,1,2014-01-19,11:52:39,0,2,0,0,15.0,15.0,0.0,0.0,Other,2,2,False,False,True
851469,2,2015-03-27,15:51:09,1,14,0,0,88.09,83.31,4.78,0.0,Front End,13,7,False,True,True
883720,1,2014-11-13,16:00:10,0,6,0,0,33.2,33.2,0.0,0.0,Front End,4,2,False,False,False
879817,1,2014-09-04,15:17:45,0,3,0,0,15.45,10.55,4.9,0.0,Front End,3,3,False,True,True
245558,34,2015-08-16,20:27:52,33,1,0,0,3.58,0.0,3.58,0.0,Other,1,1,False,False,True
119721,2,2014-12-03,16:38:56,1,2,0,0,46.6,46.6,0.0,0.0,Front End,2,1,False,False,False
22707,3,2014-09-06,18:15:32,2,1,0,0,3.58,0.0,3.58,0.0,Other,1,1,False,False,False
490741,1,2015-05-04,17:49:05,0,2,0,0,7.18,7.18,0.0,0.0,Front End,2,2,False,False,False
716792,1,2014-01-02,18:10:42,0,1,0,0,5.68,5.68,0.0,0.0,Front End,1,1,False,False,False
764294,2,2014-07-08,15:43:45,1,1,0,0,2.48,2.48,0.0,0.0,Other,1,1,False,False,False
631802,1,2014-03-06,21:30:34,0,1,0,0,9.0,0.0,9.0,0.0,Other,1,1,False,False,False
122811,1,2015-05-29,19:55:38,0,6,0,0,47.24,47.24,0.0,0.0,Front End,5,4,False,True,False
790942,1,2014-05-03,12:29:10,0,1,0,0,9.8,9.8,0.0,0.0,Other,1,1,False,False,False
251055,1,2015-03-06,20:48:04,0,8,0,0,60.28,60.28,0.0,0.0,Front End,6,5,False,False,True
439565,5,2015-12-02,18:45:39,4,4,0,0,33.56,33.56,0.0,0.0,Other,4,3,False,False,True
774874,18,2015-06-01,18:55:25,17,2,0,0,9.92,0.0,9.92,0.0,Other,2,1,False,False,True
390718,6,2014-04-16,12:53:00,5,3,0,0,5.36,5.36,0.0,0.0,Other,3,1,False,False,False
255060,2,2014-01-26,13:56:08,1,5,0,0,43.79,43.79,0.0,0.0,Front End,5,3,False,False,True
566621,2,2014-05-30,18:59:14,1,3,0,0,38.0,38.0,0.0,0.0,Other,3,2,False,False,False
11331,1,2014-09-05,10:53:41,0,10,0,0,38.84,38.84,0.0,0.0,Front End,10,2,False,True,True
149371,1,2015-04-17,13:42:01,0,1,0,0,9.8,0.0,9.8,0.0,Other,1,1,False,False,True
316040,4,2014-12-04,11:03:59,3,2,0,0,12.28,1.48,10.8,0.0,Other,2,2,False,False,True
7434,1,2015-03-27,18:14:11,0,4,0,0,50.2,50.2,0.0,0.0,Front End,4,3,False,False,False
70373,7,2015-10-07,15:26:27,6,2,0,0,7.55,7.55,0.0,0.0,Front End,2,2,False,True,True
726675,1,2014-02-18,17:03:27,0,2,0,0,27.6,27.6,0.0,0.0,Front End,2,1,False,False,False
142820,57,2015-05-21,15:37:55,56,2,0,0,14.2,14.2,0.0,0.0,Other,2,1,False,False,True
491747,1,2013-12-20,14:50:57,0,3,0,0,45.2,45.2,0.0,0.0,Other,3,1,False,False,True
226468,13,2015-05-21,20:07:14,12,6,0,0,62.67,62.67,0.0,0.0,Front End,5,4,False,False,True
137794,3,2014-07-16,21:00:07,2,1,0,0,5.55,5.55,0.0,0.0,Other,1,1,False,False,True
755314,1,2014-08-08,21:36:29,0,2,0,0,16.35,16.35,0.0,0.0,Front End,2,2,False,False,False
390901,1,2015-01-04,11:16:31,0,1,0,0,10.1,0.0,10.1,0.0,Other,1,1,False,False,True
20219,2,2014-06-03,10:51:35,1,1,0,0,26.8,26.8,0.0,0.0,Other,1,1,False,False,False
673147,7,2014-05-04,15:33:43,6,3,0,0,25.58,25.58,0.0,0.0,Front End,3,2,False,False,True
547327,3,2015-09-19,18:07:58,2,23,0,0,140.75,140.75,0.0,0.0,Front End,20,9,False,True,False
82748,2,2014-09-05,22:37:00,1,14,0,0,55.91,52.02,3.89,0.0,Front End,14,9,False,False,True
572282,31,2015-01-06,18:04:53,30,6,0,0,60.77,60.77,0.0,0.0,Front End,4,1,False,False,True
897582,4,2015-07-08,14:10:36,3,1,0,0,11.8,0.0,11.8,0.0,Other,1,1,False,False,False
874736,1,2015-08-08,16:24:21,0,9,0,0,106.15,106.15,0.0,0.0,Front End,9,5,False,True,True
339584,1,2014-07-18,18:04:39,0,13,0,0,55.8,55.8,0.0,0.0,Front End,13,7,False,True,False
338122,1,2014-02-22,20:29:21,0,1,0,0,12.48,12.48,0.0,0.0,Front End,1,1,False,False,True
7126,1,2014-05-30,14:23:26,0,3,0,0,22.08,1.48,20.6,0.0,Other,3,2,False,False,False
178152,1,2015-09-25,20:02:45,0,1,0,0,12.8,0.0,12.8,0.0,Other,1,1,False,False,True
831728,8,2015-02-28,18:24:45,7,4,0,0,8.76,8.76,0.0,2.19,Front End,4,2,False,True,True
156263,2,2015-11-23,16:49:22,1,2,0,0,18.35,0.0,18.35,0.0,Other,2,1,False,False,True
141576,5,2014-07-26,18:35:53,4,65,0,0,558.33,558.33,0.0,0.0,Front End,64,13,False,True,True
732377,1,2014-07-30,17:06:00,0,1,0,0,3.58,0.0,3.58,0.0,Other,1,1,False,False,True
598924,1,2015-06-12,17:00:26,0,4,0,0,33.2,33.2,0.0,0.0,Other,4,2,False,False,False
339809,3,2015-04-11,17:25:49,2,7,0,0,44.64,36.2,8.44,0.0,Front End,6,4,False,False,False
826695,1,2014-02-01,10:37:39,0,4,0,0,43.6,43.6,0.0,0.0,Front End,4,2,False,False,False
44168,1,2015-01-30,21:07:30,0,8,0,0,35.52,35.52,0.0,0.0,Front End,6,4,False,True,False
452359,15,2014-09-24,12:34:01,14,3,0,0,18.88,2.18,16.7,0.0,Other,3,2,False,False,True
768122,1,2015-02-24,14:37:31,0,1,0,0,14.8,0.0,14.8,0.0,Other,1,1,False,False,True
28001,1,2014-06-28,20:36:27,0,1,0,0,4.87,4.87,0.0,0.0,Other,1,1,False,False,False
346613,1,2015-01-25,20:40:02,0,11,0,0,103.86,103.86,0.0,0.0,Front End,10,5,False,True,False
816738,1,2015-09-21,10:20:02,0,12,0,0,71.15,71.15,0.0,0.0,Front End,12,8,False,True,False
453864,6,2014-12-07,20:16:48,5,3,0,0,35.4,35.4,0.0,0.0,Front End,3,3,False,False,True
242256,3,2014-12-22,14:10:51,2,2,0,0,9.6,9.6,0.0,0.0,Front End,2,1,False,False,True
16696,5,2014-10-24,11:55:25,4,1,0,0,12.8,0.0,12.8,0.0,Other,1,1,False,False,False
728387,4,2014-08-07,13:20:51,3,1,0,0,2.8,2.8,0.0,0.0,Other,1,1,False,False,True
764776,1,2014-03-02,18:50:33,0,4,0,0,42.8,19.6,23.2,0.0,Other,4,3,False,False,False
375914,1,2014-05-27,11:20:42,0,1,0,0,1.48,1.48,0.0,0.0,Front End,1,1,False,False,False
815947,7,2015-05-01,12:15:55,6,2,0,0,5.18,5.18,0.0,0.0,Front End,2,1,False,True,True
668969,1,2015-08-07,17:05:26,0,1,0,0,10.84,0.0,10.84,0.0,Other,1,1,False,False,False
249851,1,2014-04-19,17:08:37,0,1,0,0,7.6,7.6,0.0,0.0,Other,1,1,False,False,True
248868,1,2015-12-02,12:20:50,0,4,0,0,54.94,54.94,0.0,0.0,Front End,4,3,False,True,True
725861,2,2015-05-06,19:38:50,1,4,0,0,29.02,29.02,0.0,0.0,Front End,4,4,False,True,True
823444,1,2014-05-29,18:50:20,0,8,0,0,27.35,27.35,0.0,0.0,Front End,8,3,False,True,False
353958,1,2015-08-07,13:20:54,0,1,0,0,10.8,0.0,10.8,0.0,Other,1,1,False,False,True
510986,7,2014-10-25,19:18:43,6,13,0,0,129.67,129.67,0.0,0.0,Front End,13,6,False,True,True
243654,14,2014-04-25,19:24:55,13,4,0,0,15.88,15.88,0.0,0.0,Front End,4,2,False,True,True
758138,2,2014-09-10,18:03:21,1,1,0,0,4.5,0.0,4.5,0.0,Other,1,1,False,False,False
949569,1,2014-09-19,16:03:57,0,2,0,0,42.4,42.4,0.0,0.0,Front End,2,1,False,False,False
592888,1,2013-12-16,12:37:04,0,1,0,1,6.0,6.0,0.0,0.0,Other,1,1,False,False,False
767399,1,2014-05-31,15:52:19,0,3,0,0,14.2,0.0,14.2,0.0,Other,3,1,False,False,False
209662,1,2014-06-09,10:43:59,0,1,0,0,2.3,0.0,2.3,0.0,Other,1,1,False,False,True
379315,2,2015-03-11,19:53:30,1,3,0,0,24.4,24.4,0.0,0.0,Front End,3,1,False,False,True
968704,1,2015-05-05,20:01:52,0,3,0,0,21.48,12.18,9.3,0.0,Front End,3,2,False,False,True
533701,1,2015-03-25,19:40:37,0,11,0,0,72.91,72.91,0.0,0.0,Front End,11,7,False,True,True
714055,2,2015-01-31,22:34:52,1,1,0,0,5.8,0.0,5.8,0.0,Other,1,1,False,False,False
812405,2,2015-06-29,20:10:05,1,1,0,0,4.5,0.0,4.5,0.0,Other,1,1,False,False,False
280593,3,2014-10-22,16:40:50,2,9,0,0,44.09,44.09,0.0,0.0,Front End,9,4,False,True,False
629227,1,2014-07-18,19:18:50,0,2,0,0,7.28,1.48,5.8,0.0,Other,2,2,False,False,True
756570,1,2014-08-05,20:35:55,0,1,0,0,4.5,0.0,4.5,0.0,Other,1,1,False,False,False
636816,8,2014-10-09,17:36:02,7,4,0,0,33.2,33.2,0.0,0.0,Front End,4,1,False,True,True
717304,1,2014-12-16,14:28:30,0,3,0,0,28.6,21.6,7.0,0.0,Other,3,2,False,False,False
556487,13,2015-03-26,17:36:14,12,10,0,0,70.94,70.94,0.0,0.0,Front End,9,6,False,True,True
92864,1,2014-03-14,18:24:27,0,2,0,0,20.76,5.59,15.17,0.0,Front End,2,2,False,False,False
356907,1,2014-11-22,12:40:24,0,2,0,0,31.16,6.8,24.36,0.0,Other,2,2,False,False,False
718972,1,2015-04-02,12:41:37,0,1,0,0,10.8,0.0,10.8,0.0,Other,1,1,False,False,True
305200,4,2014-01-16,12:24:50,3,1,0,0,11.8,0.0,11.8,0.0,Other,1,1,False,False,False
919574,3,2015-06-01,17:50:24,2,3,0,0,28.4,28.4,0.0,0.0,Front End,3,2,False,False,False
80508,2,2015-02-14,11:06:58,1,9,0,0,51.24,46.44,4.8,0.0,Front End,9,7,False,True,True
482831,2,2014-07-03,11:51:10,1,4,0,0,33.12,27.69,5.43,0.0,Front End,4,4,False,False,False
232820,21,2014-10-17,13:37:32,20,2,0,0,15.3,2.5,12.8,0.0,Other,2,2,False,True,True
244172,1,2015-05-22,19:27:08,0,2,0,0,9.0,0.0,9.0,0.0,Other,2,1,False,False,False
731298,2,2014-03-20,20:59:42,1,2,0,0,19.68,0.0,19.68,0.0,Front End,2,1,False,False,False
638403,23,2015-11-29,13:33:31,22,3,0,0,21.33,2.48,18.85,0.0,Other,3,2,False,False,False
602731,1,2014-11-25,13:22:51,0,2,0,0,33.8,4.8,29.0,0.0,Other,2,2,False,False,False
807686,14,2015-01-05,19:23:14,13,1,0,0,8.64,8.64,0.0,2.16,Other,1,1,False,False,True
958136,5,2014-03-10,13:03:49,4,5,0,0,36.6,36.6,0.0,0.0,Front End,5,1,False,False,True
590079,1,2015-07-16,14:01:46,0,1,0,0,9.8,0.0,9.8,0.0,Other,1,1,False,False,False
726862,1,2015-10-12,20:16:21,0,1,0,0,20.0,0.0,20.0,0.0,Other,1,1,False,False,False
62995,1,2015-05-15,21:27:45,0,2,0,0,36.0,0.0,36.0,0.0,Other,2,1,False,False,False
738924,5,2014-05-29,10:21:11,4,1,0,0,2.8,2.8,0.0,0.7,Front End,1,1,False,True,True
34268,1,2014-01-26,14:29:10,0,1,0,0,14.8,0.0,14.8,0.0,Other,1,1,False,False,False
48472,2,2015-09-03,12:13:36,1,1,0,0,14.8,0.0,14.8,0.0,Other,1,1,False,False,True
249898,3,2015-04-03,13:57:16,2,5,0,0,13.8,13.8,0.0,0.0,Front End,5,2,False,True,False
899016,3,2014-03-02,10:28:21,2,9,0,0,35.57,35.57,0.0,0.0,Front End,8,3,False,True,True
620542,11,2015-11-28,17:30:17,10,5,0,0,22.17,22.17,0.0,0.0,Front End,5,3,False,True,True
786553,4,2014-01-15,13:45:03,3,9,0,0,50.29,50.29,0.0,0.0,Front End,9,6,False,True,True
2042,3,2014-08-02,10:17:31,2,3,0,0,50.8,50.8,0.0,0.0,Front End,3,2,False,False,False
166247,1,2014-06-06,15:57:22,0,4,0,0,24.68,19.02,5.66,0.0,Front End,4,3,False,False,True
613042,1,2014-05-02,17:41:35,0,3,0,0,41.4,41.4,0.0,0.0,Front End,3,1,False,False,False
564178,1,2015-11-27,13:19:09,0,20,0,0,209.73,209.73,0.0,0.0,Front End,17,8,False,False,True
85594,2,2015-10-31,18:48:47,1,1,0,0,1.8,1.8,0.0,0.0,Other,1,1,False,False,False
100757,3,2014-05-20,19:09:38,2,7,0,0,98.55,98.55,0.0,0.0,Front End,7,2,False,True,True
781641,2,2014-07-26,20:14:13,1,1,0,0,1.8,1.8,0.0,0.0,Other,1,1,False,False,True
690797,1,2015-03-20,22:44:53,0,2,0,0,11.68,11.68,0.0,2.92,Front End,2,1,False,False,False
257648,4,2014-02-12,13:59:39,3,10,0,0,71.1,71.1,0.0,0.0,Front End,4,2,False,True,True
171265,2,2014-10-07,18:37:37,1,1,0,0,9.0,0.0,9.0,0.0,Other,1,1,False,False,False
312015,19,2015-05-26,17:30:47,18,11,0,0,65.8,65.8,0.0,0.0,Front End,10,3,False,True,True
869458,1,2014-10-10,19:00:06,0,1,0,0,16.21,0.0,16.21,0.0,Other,1,1,False,False,False
442427,1,2014-09-08,22:12:25,0,2,0,0,10.8,6.0,4.8,0.0,Other,2,2,False,False,False
41323,2,2015-06-26,15:59:19,1,2,0,0,9.6,0.0,9.6,0.0,Other,2,1,False,False,False
177095,1,2013-12-19,19:21:45,0,6,0,0,104.18,104.18,0.0,0.0,Front End,4,2,False,False,False
563484,1,2014-03-28,10:27:10,0,8,0,0,63.8,63.8,0.0,0.0,Front End,8,2,False,False,False
713268,1,2015-10-04,16:54:48,0,2,0,0,7.6,7.6,0.0,0.0,Other,2,1,False,False,True
132646,2,2014-07-19,18:50:47,1,14,0,0,145.24,145.24,0.0,0.0,Front End,12,8,False,True,False
188431,1,2014-05-26,17:53:18,0,1,0,0,1.42,1.42,0.0,0.0,Front End,1,1,False,True,False
268030,11,2014-02-19,17:59:45,10,7,0,0,40.63,40.63,0.0,0.0,Front End,7,2,False,True,True
287540,1,2014-04-23,18:39:32,0,3,0,0,21.03,21.03,0.0,0.0,Front End,3,3,False,True,True
188861,2,2014-06-22,11:55:55,1,5,0,0,19.8,19.8,0.0,0.0,Front End,5,1,False,False,False
69077,1,2015-03-11,22:04:09,0,18,0,0,152.64,152.64,0.0,0.0,Front End,12,5,False,False,False
483213,24,2014-12-24,11:46:44,23,10,0,0,152.9,152.9,0.0,0.0,Front End,9,7,False,True,True
168403,1,2014-06-21,17:21:54,0,6,0,0,34.88,34.88,0.0,0.0,Front End,6,6,False,True,False
746019,9,2015-10-01,16:38:18,8,1,0,0,6.89,0.0,6.89,0.0,Other,1,1,False,False,True
382781,6,2015-03-16,19:26:57,5,3,0,0,15.8,15.8,0.0,0.0,Front End,3,3,False,False,True
510937,6,2014-06-29,20:10:38,5,2,0,0,9.0,0.0,9.0,0.0,Other,2,1,False,False,True
714030,4,2015-05-15,19:12:43,3,2,0,0,6.6,6.6,0.0,0.0,Other,2,1,False,False,True
376917,1,2015-08-28,18:31:15,0,1,0,0,9.0,0.0,9.0,0.0,Other,1,1,False,False,False
285712,2,2014-10-30,13:45:37,1,2,0,0,17.9,0.0,17.9,0.0,Other,2,1,False,False,False
297072,2,2015-01-22,12:19:41,1,1,0,0,1.8,1.8,0.0,0.0,Other,1,1,False,False,True
689921,1,2014-08-10,19:06:19,0,2,0,0,13.36,13.36,0.0,0.0,Other,2,2,False,False,False
350797,1,2015-05-06,22:59:30,0,3,0,0,29.6,29.6,0.0,0.0,Front End,3,3,False,False,False
875064,1,2014-01-12,11:39:38,0,4,0,0,21.87,21.87,0.0,0.0,Front End,4,2,False,False,False
488119,2,2014-11-22,10:35:26,1,9,0,0,118.97,118.97,0.0,0.0,Front End,9,6,False,False,False
783847,2,2014-11-25,19:11:17,1,5,0,0,23.4,23.4,0.0,0.0,Front End,5,3,False,False,False
125021,2,2014-10-07,13:27:49,1,1,0,0,5.83,5.83,0.0,0.0,Front End,1,1,False,False,False
94642,2,2014-10-10,12:44:57,1,2,0,0,6.8,1.0,5.8,0.0,Other,2,2,False,False,False
50996,2,2015-04-11,14:42:57,1,1,0,0,3.8,3.8,0.0,0.0,Front End,1,1,False,False,False
703423,2,2015-09-15,19:11:12,1,2,0,0,9.92,0.0,9.92,0.0,Other,2,1,False,False,False
648077,7,2015-04-24,18:52:07,6,3,0,0,9.88,9.88,0.0,0.0,Front End,3,3,False,True,True
538775,1,2014-09-12,17:42:39,0,5,0,0,26.58,26.58,0.0,0.0,Front End,5,5,False,False,False
398596,8,2015-01-25,17:24:31,7,9,0,0,82.66,63.29,19.37,0.0,Front End,9,6,False,True,True
700856,1,2014-05-27,12:07:42,0,2,0,0,28.6,28.6,0.0,0.0,Front End,2,1,False,False,False
622263,1,2014-03-31,15:23:09,0,5,0,0,82.47,82.47,0.0,0.0,Front End,5,2,False,True,False
350576,1,2015-11-29,16:49:36,0,1,0,0,35.0,35.0,0.0,0.0,Front End,1,1,False,False,False
445941,1,2014-11-14,15:18:01,0,2,0,0,12.98,2.18,10.8,0.0,Other,2,2,False,False,False
311963,1,2014-03-23,18:47:05,0,3,0,0,20.4,20.4,0.0,0.0,Front End,3,3,False,False,False
298744,1,2015-11-02,13:20:37,0,4,0,0,27.33,13.09,14.24,0.0,Other,4,4,False,True,False
15089,1,2014-11-15,21:48:09,0,1,0,0,6.0,6.0,0.0,0.0,Other,1,1,False,True,False
650539,10,2015-10-18,16:31:07,9,2,0,0,6.4,6.4,0.0,0.0,Front End,1,1,False,False,False
312036,2,2014-07-05,13:48:17,1,4,0,0,29.09,29.09,0.0,0.0,Front End,4,2,False,False,False
772726,2,2014-05-13,18:40:35,1,5,0,0,20.6,20.6,0.0,0.0,Other,4,1,False,False,True
15645,1,2015-02-19,13:55:47,0,5,0,0,22.81,22.81,0.0,0.0,Front End,5,5,False,True,False
669243,3,2015-03-19,10:33:28,2,6,0,0,40.28,40.28,0.0,0.0,Front End,6,4,False,True,True
100332,2,2015-04-16,20:44:51,1,4,0,0,28.2,28.2,0.0,0.0,Front End,3,3,False,False,True
274162,1,2015-05-23,19:01:58,0,28,0,0,227.24,213.44,13.8,0.0,Front End,25,8,False,True,False
468509,8,2013-12-17,10:34:37,7,3,0,0,15.13,15.13,0.0,0.0,Front End,3,3,False,True,True
304868,3,2015-07-13,19:09:06,2,4,0,0,18.55,18.55,0.0,0.0,Front End,4,3,False,True,True
458551,3,2014-09-22,18:13:31,2,3,0,0,7.35,7.35,0.0,0.0,Front End,3,3,False,True,True
291542,1,2015-08-22,17:03:01,0,6,0,0,83.43,83.43,0.0,0.0,Front End,6,3,False,False,False
665705,2,2015-11-20,14:15:57,1,1,0,0,15.8,15.8,0.0,0.0,Front End,1,1,False,False,False
384076,1,2014-03-12,19:22:47,0,1,0,0,13.59,0.0,13.59,0.0,Other,1,1,False,False,False
697434,1,2015-05-21,16:54:34,0,1,0,0,2.8,2.8,0.0,0.0,Other,1,1,False,False,True
373619,1,2015-01-27,14:33:13,0,5,0,0,36.6,0.0,36.6,0.0,Other,5,1,False,False,False
666375,5,2014-08-25,18:30:46,4,5,0,0,36.55,21.06,15.49,0.0,Front End,5,5,False,True,True
414331,1,2015-08-28,15:21:00,0,5,0,0,56.0,56.0,0.0,0.0,Other,5,3,False,False,False
96726,4,2015-04-23,11:22:28,3,3,0,0,39.38,39.38,0.0,0.0,Other,3,2,False,False,False
379313,2,2015-09-18,12:12:54,1,3,0,0,13.03,13.03,0.0,0.0,Front End,3,2,False,True,False
130775,1,2014-06-03,14:23:06,0,1,0,0,9.8,0.0,9.8,0.0,Other,1,1,False,False,True
827158,3,2015-02-27,20:10:58,2,1,0,0,10.8,0.0,10.8,0.0,Other,1,1,False,False,True
443730,27,2014-08-06,18:24:51,26,6,0,0,27.34,27.34,0.0,0.0,Front End,6,4,False,True,True
687158,1,2015-04-15,12:56:39,0,1,0,0,8.8,0.0,8.8,0.0,Other,1,1,False,False,False
260873,1,2015-06-20,14:53:04,0,9,0,0,32.76,32.76,0.0,0.0,Front End,7,4,False,False,False
652921,1,2015-03-22,22:56:08,0,16,0,0,127.8,119.8,8.0,0.0,Front End,14,5,False,False,False
551234,1,2014-04-11,22:25:18,0,2,0,0,17.15,17.15,0.0,0.0,Front End,2,2,False,False,False
714788,1,2014-11-08,18:31:21,0,20,0,0,134.06,127.27,6.79,0.0,Front End,20,9,False,True,False
272321,2,2015-09-12,13:35:06,1,1,0,0,5.8,5.8,0.0,0.0,Other,1,1,False,False,False
60082,1,2014-12-24,16:29:36,0,14,0,0,150.17,150.17,0.0,0.0,Front End,11,9,False,True,False
803382,1,2014-05-28,10:21:40,0,2,0,0,27.6,27.6,0.0,0.0,Front End,2,1,False,False,False
392169,2,2015-10-23,17:33:29,1,3,0,0,24.62,24.62,0.0,0.0,Front End,3,3,False,False,True
800462,1,2014-11-09,15:57:04,0,1,0,0,45.6,45.6,0.0,0.0,Front End,1,1,False,False,False
824925,1,2014-03-04,15:43:32,0,1,0,0,11.8,11.8,0.0,0.0,Front End,1,1,False,False,False
451235,4,2014-12-07,18:21:54,3,7,0,0,51.26,51.26,0.0,0.0,Front End,7,6,False,True,True
170333,1,2014-06-09,20:44:01,0,1,0,0,5.8,0.0,5.8,0.0,Other,1,1,False,False,False
56620,1,2014-08-19,16:00:50,0,2,0,0,8.08,0.0,8.08,0.0,Other,2,1,False,False,False
500210,1,2014-09-19,19:58:07,0,1,0,0,8.0,0.0,8.0,0.0,Other,1,1,False,False,False
54238,6,2014-01-26,13:44:32,5,3,0,0,5.64,5.64,0.0,1.41,Other,3,2,False,True,True
32231,2,2015-03-31,18:07:38,1,2,0,0,8.08,0.0,8.08,0.0,Other,2,1,False,False,False
663412,3,2014-06-18,21:51:39,2,3,0,0,13.33,0.0,13.33,0.0,Other,3,2,False,False,True
944930,10,2015-11-24,13:37:22,9,3,0,0,24.05,19.0,5.05,0.0,Other,3,3,False,False,True
608040,9,2015-12-03,12:08:16,8,2,0,0,11.6,11.6,0.0,0.0,Other,2,1,False,False,True
118835,11,2014-04-19,12:19:09,10,13,0,0,83.02,83.02,0.0,0.0,Front End,13,8,False,True,True
136716,1,2014-02-16,19:09:10,0,12,0,0,74.02,74.02,0.0,0.0,Front End,12,7,False,True,True
462509,1,2014-11-08,13:35:30,0,1,0,0,7.16,0.0,7.16,0.0,Other,1,1,False,False,False
734483,3,2015-02-14,13:56:48,2,8,0,0,67.03,67.03,0.0,0.0,Front End,5,3,False,False,False
870989,4,2015-02-04,16:11:41,3,1,0,0,3.8,3.8,0.0,0.0,Other,1,1,False,False,False
543308,2,2014-10-15,21:36:05,1,5,0,0,16.09,16.09,0.0,0.0,Front End,5,2,False,False,False
604076,1,2015-11-23,19:59:46,0,1,0,0,5.42,0.0,5.42,0.0,Other,1,1,False,False,False
387850,1,2014-11-13,10:44:12,0,1,0,0,5.8,0.0,5.8,0.0,Other,1,1,False,False,False
658200,1,2014-08-08,13:17:29,0,1,0,0,2.8,0.0,2.8,0.0,Other,1,1,False,False,False
635692,1,2014-11-02,21:23:46,0,2,0,0,14.76,14.76,0.0,0.0,Front End,2,2,False,False,False
25478,3,2014-03-01,13:06:31,2,2,0,0,15.83,15.83,0.0,0.0,Other,2,2,False,False,True
173598,1,2014-09-20,16:00:08,0,1,0,0,10.8,0.0,10.8,0.0,Other,1,1,False,False,False
242225,5,2015-11-25,16:17:14,4,2,0,0,25.6,25.6,0.0,0.0,Front End,2,2,False,False,True
755027,1,2014-02-27,19:45:08,0,4,0,0,28.23,0.0,28.23,0.0,Other,3,1,False,False,False
216046,1,2014-06-21,12:40:50,0,1,0,0,3.67,0.0,3.67,0.0,Other,1,1,False,False,False
481472,2,2015-06-24,14:07:05,1,1,0,0,10.24,0.0,10.24,2.56,Other,1,1,False,False,False
572438,1,2014-12-10,22:07:37,0,8,0,0,38.38,38.38,0.0,0.0,Front End,7,4,False,False,False
819087,7,2014-10-16,18:15:16,6,6,0,0,33.94,33.94,0.0,0.0,Front End,6,4,False,True,False
516552,1,2015-05-20,14:54:50,0,1,0,0,10.8,0.0,10.8,0.0,Other,1,1,False,False,True
684476,1,2015-05-11,13:13:42,0,1,0,0,11.8,0.0,11.8,0.0,Other,1,1,False,False,False
236110,5,2015-05-26,13:23:20,4,1,0,0,29.6,0.0,29.6,0.0,Other,1,1,False,False,False
700529,1,2015-11-15,14:58:42,0,4,0,0,28.0,28.0,0.0,0.0,Front End,3,3,False,False,False
471696,15,2015-05-21,12:37:17,14,2,0,0,15.83,11.58,4.25,0.0,Other,2,2,False,False,True
42203,1,2015-11-05,12:57:04,0,1,0,0,4.8,0.0,4.8,0.0,Other,1,1,False,False,False
626302,4,2014-09-14,13:22:27,3,2,0,0,16.3,3.5,12.8,0.0,Other,2,2,False,True,True
759675,2,2014-12-15,11:37:58,1,20,0,0,92.58,92.58,0.0,0.0,Front End,15,5,False,False,False
800404,1,2015-10-30,11:07:31,0,1,0,0,14.8,0.0,14.8,0.0,Other,1,1,False,False,True
286318,3,2014-09-30,10:46:35,2,1,0,0,3.8,0.0,3.8,0.0,Other,1,1,False,False,False
34905,1,2014-05-02,13:05:48,0,2,0,0,7.64,7.64,0.0,0.0,Other,2,1,False,False,False
174251,1,2014-07-15,19:12:28,0,3,0,0,14.4,14.4,0.0,0.0,Other,3,1,False,False,False
10056,2,2014-11-22,16:28:59,1,2,0,0,4.98,4.98,0.0,0.0,Other,2,2,False,False,False
280972,49,2014-10-29,17:18:22,48,5,0,0,50.19,50.19,0.0,0.0,Front End,5,4,False,False,True
923702,1,2014-04-12,17:06:54,0,1,0,0,14.8,14.8,0.0,0.0,Front End,1,1,False,False,False
357218,1,2015-10-12,13:24:02,0,1,0,0,5.42,0.0,5.42,0.0,Other,1,1,False,False,False
550570,38,2015-10-22,15:29:41,37,1,0,0,11.8,0.0,11.8,0.0,Other,1,1,False,False,True
352993,1,2014-03-29,13:38:00,0,1,0,0,11.8,0.0,11.8,0.0,Other,1,1,False,False,False
730172,1,2014-01-02,15:30:02,0,1,0,0,14.8,0.0,14.8,0.0,Other,1,1,False,False,True
832502,24,2014-02-21,14:40:18,23,1,0,0,10.24,0.0,10.24,2.56,Other,1,1,False,False,True
540573,3,2015-08-06,19:14:20,2,1,0,0,5.95,0.0,5.95,0.0,Other,1,1,False,False,True
742085,11,2014-11-24,14:31:03,10,10,0,0,80.6,80.6,0.0,0.0,Front End,8,3,False,True,True
153031,2,2014-06-23,21:04:12,1,10,0,0,41.16,41.16,0.0,0.0,Front End,10,3,False,True,True
296352,1,2014-09-27,20:32:41,0,1,0,0,2.3,0.0,2.3,0.0,Other,1,1,False,False,True
539581,3,2014-02-17,12:01:32,2,1,0,0,11.8,0.0,11.8,0.0,Other,1,1,False,False,False
931148,1,2015-01-22,13:32:58,0,1,0,0,14.8,0.0,14.8,0.0,Other,1,1,False,False,False
113001,5,2014-04-30,13:15:27,4,4,0,0,80.0,80.0,0.0,0.0,Front End,4,4,False,True,True
288275,20,2015-04-10,11:08:56,19,4,0,0,35.2,0.0,35.2,0.0,Other,4,1,False,False,True
146937,1,2015-10-08,21:19:42,0,2,0,0,9.0,0.0,9.0,0.0,Other,2,1,False,False,False
817635,10,2014-06-21,19:31:50,9,7,0,0,55.39,55.39,0.0,0.0,Front End,7,4,False,True,False
967590,3,2015-04-09,13:18:07,2,1,0,0,10.8,0.0,10.8,0.0,Other,1,1,False,False,False
154748,2,2014-06-06,19:55:40,1,8,0,0,51.06,45.69,5.37,0.0,Front End,7,6,False,True,False
762973,3,2015-05-29,18:15:29,2,3,0,0,42.81,42.81,0.0,0.0,Front End,3,3,False,False,True
202826,2,2014-08-09,14:11:28,1,4,0,0,22.38,22.38,0.0,0.0,Front End,4,2,False,True,False
423896,3,2013-12-26,16:16:19,2,2,0,0,22.6,16.8,5.8,0.0,Other,2,2,False,False,True
271987,1,2014-07-29,22:56:41,0,1,0,0,1.0,1.0,0.0,0.0,Other,1,1,False,False,False
383154,65,2015-01-13,15:43:19,64,1,0,0,2.8,2.8,0.0,0.0,Other,1,1,False,False,True
466455,1,2014-03-02,13:37:16,0,3,0,0,36.19,36.19,0.0,0.0,Front End,3,2,False,False,False
203901,3,2015-08-13,13:12:41,2,4,0,0,141.58,119.98,21.6,0.0,Other,4,3,False,False,False
102136,1,2014-10-07,12:44:09,0,2,0,0,24.56,2.96,21.6,0.0,Other,2,2,False,False,True
441906,1,2015-09-15,16:17:31,0,1,0,0,10.8,0.0,10.8,0.0,Other,1,1,False,False,False
650105,1,2014-10-18,14:11:12,0,3,0,0,34.4,34.4,0.0,0.0,Front End,2,1,False,False,False
502547,2,2014-03-05,19:01:46,1,1,0,0,4.76,4.76,0.0,0.0,Other,1,1,False,False,False
174939,1,2015-09-15,13:14:33,0,5,0,0,24.63,24.63,0.0,0.0,Front End,5,4,False,False,False
30827,1,2013-12-23,10:12:28,0,2,0,0,66.38,61.38,0.0,0.0,Front End,2,2,False,False,False
731770,1,2015-08-03,18:07:16,0,1,0,0,1.8,1.8,0.0,0.0,Other,1,1,False,False,False
831209,1,2014-07-30,19:24:26,0,3,0,0,32.6,0.0,32.6,0.0,Other,3,1,False,False,False
204258,1,2015-09-21,16:46:40,0,4,0,0,38.2,38.2,0.0,0.0,Front End,4,4,False,False,False
499268,2,2015-05-13,14:06:04,1,2,0,0,14.42,0.0,14.42,0.0,Other,2,1,False,False,False
661875,8,2014-10-04,19:57:21,7,2,0,0,11.14,11.14,0.0,0.0,Front End,2,2,False,False,True
665885,1,2014-02-23,17:59:31,0,2,0,0,9.6,9.6,0.0,0.0,Other,2,1,False,False,False
339231,1,2014-04-14,17:32:36,0,2,0,0,7.3,7.3,0.0,0.0,Other,2,1,False,False,False
743516,1,2014-05-29,16:22:57,0,1,0,0,3.4,3.4,0.0,0.0,Other,1,1,False,False,False
954093,8,2014-04-08,11:59:36,7,1,0,0,2.76,0.0,2.76,0.0,Other,1,1,False,False,True
968289,1,2015-10-13,22:12:09,0,1,0,0,5.8,0.0,5.8,0.0,Other,1,1,False,False,False
547276,21,2014-09-19,17:16:00,20,5,0,0,22.0,22.0,0.0,0.0,Front End,5,2,False,True,True
484971,3,2014-09-20,17:09:14,2,3,0,0,42.67,42.67,0.0,0.0,Front End,2,2,False,False,True
853771,1,2015-07-20,22:34:56,0,5,0,0,36.85,36.85,0.0,0.0,Other,3,1,False,False,False
552731,1,2014-08-04,18:03:04,0,1,0,0,3.2,3.2,0.0,0.0,Other,1,1,False,False,True
499662,1,2015-06-05,11:31:30,0,2,0,0,16.98,2.18,14.8,0.0,Other,2,2,False,False,False
245424,1,2015-01-16,21:34:41,0,2,0,0,11.6,0.0,11.6,0.0,Other,2,1,False,False,True
804101,6,2015-12-02,11:27:09,5,4,0,0,29.27,29.27,0.0,0.0,Front End,3,3,False,False,True
569092,1,2014-03-30,15:25:30,0,3,0,0,10.16,10.16,0.0,0.0,Front End,3,2,False,False,False
484779,1,2014-11-04,17:13:13,0,1,0,0,24.8,24.8,0.0,0.0,Other,1,1,False,False,False
26104,3,2015-11-17,19:23:59,2,6,0,0,23.7,23.7,0.0,0.0,Other,5,3,False,False,True
233302,2,2015-04-01,17:20:22,1,1,0,0,5.42,0.0,5.42,0.0,Other,1,1,False,False,True
267065,3,2015-05-01,19:19:55,2,1,0,0,5.42,0.0,5.42,0.0,Other,1,1,False,False,True
565666,2,2014-07-15,15:16:24,1,1,0,0,3.21,0.0,3.21,0.0,Other,1,1,False,False,True
852247,1,2015-04-17,18:36:24,0,1,0,0,5.8,0.0,5.8,0.0,Other,1,1,False,False,True
337009,1,2014-12-26,15:10:04,0,5,0,0,33.96,33.96,0.0,0.0,Other,5,3,False,False,False
542512,1,2015-04-01,20:00:29,0,2,0,0,7.6,7.6,0.0,0.0,Other,2,1,False,False,False
410001,1,2015-05-11,10:55:12,0,4,0,0,25.81,25.81,0.0,0.0,Front End,4,3,False,True,False
33624,1,2014-04-17,16:40:34,0,6,0,0,36.2,30.4,5.8,0.0,Other,6,5,False,False,False
397159,4,2015-10-05,18:21:18,3,5,0,0,25.64,8.62,17.02,0.0,Front End,5,2,False,True,False
563107,1,2014-03-28,18:31:12,0,5,0,0,43.72,43.72,0.0,0.0,Other,5,5,False,False,True
324602,1,2015-01-11,17:35:56,0,5,0,0,17.73,17.73,0.0,0.0,Front End,5,3,False,True,False
620139,1,2015-05-24,21:03:29,0,5,0,0,26.55,26.55,0.0,0.0,Front End,5,4,False,True,False
416337,9,2015-10-09,15:24:22,8,1,0,0,3.75,0.0,3.75,0.0,Other,1,1,False,False,True
899612,3,2015-04-26,11:46:28,2,3,0,0,38.19,28.87,9.32,0.0,Front End,3,3,False,False,True
924710,1,2015-01-29,18:04:08,0,4,1,0,14.34,14.39,0.0,0.0,Front End,5,5,True,True,False
282019,1,2014-06-22,19:21:05,0,2,0,0,7.16,0.0,7.16,0.0,Other,1,1,False,False,False
189275,23,2015-10-30,21:14:26,22,3,0,0,34.4,34.4,0.0,0.0,Front End,3,3,False,False,True
444641,16,2014-05-07,11:15:49,15,12,0,0,87.3,87.3,0.0,0.0,Front End,10,6,False,True,True
692853,1,2015-11-25,12:36:00,0,1,0,0,14.8,0.0,14.8,0.0,Other,1,1,False,False,False
850213,6,2015-10-22,16:05:05,5,3,0,0,9.5,9.5,0.0,0.0,Front End,2,2,False,True,True
243852,15,2015-08-10,20:54:27,14,2,0,0,31.8,31.8,0.0,0.0,Front End,2,2,False,False,True
285705,1,2014-11-10,19:25:10,0,1,0,0,5.8,0.0,5.8,0.0,Other,1,1,False,False,False
891150,1,2015-01-02,14:50:58,0,1,0,0,5.42,0.0,5.42,0.0,Other,1,1,False,False,False
306788,1,2014-03-07,15:22:18,0,1,0,0,2.8,2.8,0.0,0.0,Other,1,1,False,False,False
331166,9,2014-12-12,20:46:32,8,5,0,0,36.05,36.05,0.0,0.0,Front End,5,4,False,True,True
108836,86,2015-05-01,16:47:33,85,19,0,0,128.9,128.9,0.0,0.0,Front End,13,5,False,True,True
60897,23,2014-08-17,19:22:32,22,13,0,0,65.24,65.24,0.0,0.0,Front End,12,6,False,True,True
282317,5,2014-12-30,20:34:58,4,1,0,0,5.9,5.9,0.0,0.0,Other,1,1,False,False,True
727663,13,2014-08-26,14:03:28,12,2,0,0,43.74,43.74,0.0,0.0,Front End,2,2,False,False,True
468233,1,2014-08-22,16:16:40,0,2,0,0,17.08,0.0,17.08,0.0,Other,2,1,False,False,False
138001,1,2015-05-26,14:27:05,0,1,0,0,23.0,23.0,0.0,0.0,Front End,1,1,False,False,True
738383,22,2015-09-19,18:02:28,21,6,0,0,39.72,39.72,0.0,0.0,Front End,6,3,False,True,True
40270,5,2015-05-08,12:52:16,4,1,0,0,3.58,0.0,3.58,0.0,Other,1,1,False,False,False
221044,1,2015-08-08,18:12:50,0,1,0,0,4.8,4.8,0.0,0.0,Other,1,1,False,False,False
352883,15,2013-12-12,20:54:41,14,1,0,0,30.69,30.69,0.0,0.0,Front End,1,1,False,False,True
893517,1,2014-10-20,14:08:18,0,2,0,0,10.15,10.15,0.0,0.0,Other,2,2,False,True,True
539161,1,2014-02-22,16:45:03,0,3,0,0,13.39,13.39,0.0,0.0,Front End,3,3,False,False,False
241703,1,2014-06-14,19:04:08,0,1,0,0,4.8,4.8,0.0,0.0,Front End,1,1,False,False,False
674390,1,2015-03-31,21:24:00,0,1,0,0,9.0,0.0,9.0,0.0,Other,1,1,False,False,False
351027,2,2015-10-18,15:17:14,1,6,0,0,14.51,14.51,0.0,0.0,Front End,6,3,False,True,True
200704,2,2015-07-25,21:39:17,1,5,0,0,116.39,116.39,0.0,0.0,Front End,5,3,False,False,False
420343,2,2013-12-22,19:48:56,1,9,0,0,117.2,117.2,0.0,0.0,Front End,9,4,False,False,False
524530,10,2015-10-05,17:22:03,9,1,0,0,9.67,9.67,0.0,0.0,Front End,1,1,False,False,True
168120,1,2015-03-22,16:39:53,0,1,0,0,7.4,0.0,7.4,0.0,Other,1,1,False,False,False
683932,1,2014-06-09,14:55:18,0,3,0,0,18.69,0.0,18.69,0.0,Other,3,1,False,False,False
190190,3,2014-01-28,20:30:02,2,3,0,0,14.15,14.15,0.0,0.0,Front End,3,2,False,False,True
907911,5,2015-02-04,12:11:10,4,1,0,0,12.8,0.0,12.8,0.0,Other,1,1,False,False,True
87350,2,2015-02-11,13:10:49,1,3,0,0,73.8,0.0,73.8,0.0,Other,3,1,False,False,True
259656,2,2014-04-18,14:02:05,1,2,0,0,9.92,0.0,9.92,0.0,Other,2,1,False,False,False
252279,2,2014-05-10,15:28:44,1,17,0,0,93.9,93.9,0.0,0.0,Front End,17,5,False,True,True
395479,30,2015-01-29,11:47:35,29,2,0,0,16.08,16.08,0.0,0.0,Front End,2,2,False,False,True
265257,2,2015-04-02,18:04:05,1,1,0,0,5.8,0.0,5.8,0.0,Other,1,1,False,False,True
482416,5,2014-12-23,18:17:42,4,14,0,0,79.58,79.58,0.0,19.89,Front End,13,6,False,False,False
653564,20,2014-01-13,19:14:13,19,1,0,0,5.6,5.6,0.0,0.0,Other,1,1,False,False,True
100733,50,2015-07-28,18:30:11,49,4,0,0,31.32,31.32,0.0,0.0,Front End,4,4,False,True,True
510346,1,2014-07-25,15:38:12,0,1,0,0,5.8,0.0,5.8,0.0,Other,1,1,False,False,False
187417,1,2015-05-14,12:52:50,0,1,0,0,29.6,0.0,29.6,0.0,Other,1,1,False,False,False
944835,3,2014-01-02,11:23:28,2,2,0,0,5.2,5.2,0.0,0.0,Other,2,1,False,False,True
100651,2,2014-01-18,18:24:17,1,2,0,0,10.84,0.0,10.84,0.0,Other,2,1,False,False,False
321586,2,2014-01-20,13:56:17,1,1,0,0,76.0,76.0,0.0,0.0,Other,1,1,False,False,False
593844,1,2014-11-12,17:08:14,0,2,0,0,14.6,14.6,0.0,0.0,Front End,2,1,False,False,False
231497,23,2014-04-25,15:13:27,22,1,0,0,9.8,9.8,0.0,0.0,Other,1,1,False,False,True
